geocodigo,desc+AF8-fundar,name+AF8-long,name+AF8-short,,,,
ABW,Aruba,,,,,,
AFE,+//3//Q-frica Oriental y Meridional,,,,,,
AFG,Afganist+//3//Q-n,,,,,,
AFW,+//3//Q-frica Occidental y Central,,,,,,
AGO,Angola,,,,,,
AIA,Anguila,,,,,,
ALA,Islas +//3//Q-land,,,,,,
ALB,Albania,,,,,,
AND,Andorra,,,,,,
ANT,Antillas Holandesas,,,,,,
ARB,Mundo +//3//Q-rabe,Mundo +//3//Q-rabe,Mundo +//3//Q-rabe,,,, 
ARE,Emiratos +//3//Q-rabes Unidos,,,,,,
ARG,Argentina,,,,,,
ARM,Armenia,,,,,,
ASM,Samoa Americana,,,,,,
ATA,Ant+//3//Q-rtida,,,,,,
ATF,Territorio de las Tierras Australes Francesas,Tierras Australes Francesas,Tierras Australes Francesas,,,,
ATG,Antigua y Barbuda,,,,,,
AUS,Australia,,,,,,
AUT,Austria,,,,,,
AZE,Azerbaiy+//3//Q-n,,,,,,
BAT,Territorio Ant+//3//Q-rtico Brit+//3//Q-nico,Ant+//3//Q-rtida Brit+//3//Q-nica,Ant+//3//Q-rtida Brit+//3//Q-nica,,,,
BDI,Burundi,,,,,,
BEL,B+//3//Q-lgica,,,,,,
BEN,Benin,,,,,,
BES,+ACI-Bonaire, San Eustaquio y Saba+ACI-,Bonaire,Bonaire,,,,
BFA,Burkina Faso,,,,,,
BGD,Bangladesh,,,,,,
BGR,Bulgaria,,,,,,
BHR,Bahrein,,,,,,
BHS,Bahamas,,,,,,
BIH,Bosnia y Herzegovina,,,,,,
BLM,San Barth+//3//Q-lemy,,,,,,
BLR,Belar+//3//Q-s,,,,,,
BLX,B+//3//Q-lgica+AC0-Luxemburgo,,,,,,
BLZ,Belice,,,,,,
BMU,Bermuda,,,,,,
BOL,Bolivia,,,,,,
BRA,Brasil,,,,,,
BRB,Barbados,,,,,,
BRN,Brunei Darussalam,Brunei,Brunei,,,,
BTN,Bhut+//3//Q-n,,,,,,
BVT,Isla Bouvet,Bouvet,Bouvet,,,,
BWA,Botswana,,,,,,
CAF,Rep+//3//Q-blica Centroafricana,Rep. Centroafricana,Rep. Centroafricana,,,,
CAN,Canad+//3//Q-,,,,,,
CCK,Islas Cocos (Keeling),Islas Cocos,Islas Cocos,,,,
CEB,Europa Central y Los Pa+//3//Q-ses B+//3//Q-lticos,Europa Central y B+//3//Q-lticos,Europa Central y B+//3//Q-lticos,,,,
CEM,Comunidad Econ+//3//Q-mica y Monetaria de Africa Central (CEMAC),,,,,,
CHE,Suiza,,,,,,
CHI,Islas Del Canal,,,,,,
CHL,Chile,,,,,,
CHN,China (ISO),China,China,,,,
CIV,Costa de Marfil,,,,,,
CMR,Camer+//3//Q-n,,,,,,
COD,Rep+//3//Q-blica Democr+//3//Q-tica del Congo,Rep. Dem. Congo,Rep. Dem. Congo,,,,
COG,Congo,,,,,,
COK,Islas Cook,,,,,,
COL,Colombia,,,,,,
COM,Comoras,,,,,,
CPV,Cabo Verde,,,,,,
CRI,Costa Rica,,,,,,
CSK,Checoslovaquia,,,,,,
CSS,Peque+//3//Q-os Estados Del Caribe,Peque+//3//Q-os Estados del Caribe,Peque+//3//Q-os Estados del Caribe,,,,
CUB,Cuba,,,,,,
CUW,Curazao,,,,,,
CXR,Isla Christmas,,,,,,
CYM,Islas Caim+//3//Q-n,,,,,,
CYP,Chipre,,,,,,
CZE,Chequia,,,,,,
DDR,Rep+//3//Q-blica Democr+//3//Q-tica Alemana,Rep. Dem. Alemana,Rep. Dem. Alemana,,,,
DEU,Alemania,,,,,,
DJI,Djibouti,,,,,,
DMA,Dominica,,,,,,
DNK,Dinamarca,,,,,,
DOM,Dominicana,Rep. Dominicana,Rep. Dominicana,,,,
DZA,Argelia,,,,,,
SSF,Africa Sub+AC0-Sahariana (BM),+//3//Q-frica Subsahariana,+//3//Q-frica Subsahariana,,,,
EAR,Bono Demogr+//3//Q-fico Temprano,Bono demogr+//3//Q-fico temprano,Bono demogr+//3//Q-fico temprano,,,,
SSA,+//3//Q-frica Subsahariana (excluidos los Ingresos Altos),,,,,,
TSS,+//3//Q-frica Subsahariana (IDA y BIRF),Europa y Asia Central,Europa y Asia Central,,,,
LCN,Am+//3//Q-rica Latina y el Caribe,,,,,,
ECU,Ecuador,,,,,,
EGY,Egipto,,,,,,
EMU,Zona del Euro,Eurozona,Eurozona,,,,
ERI,Eritrea,,,,,,
ESH,S+//3//Q-hara Occidental,,,,,,
ESP,Espa+//3//Q-a,,,,,,
EST,Estonia,,,,,,
ETF,Etiop+//3//Q-a (incluye Eritrea),,,,,,
ETH,Etiop+//3//Q-a,,,,,,
EUU,Uni+//3//Q-n Europea,,,,,,
F164,Territorio en Fideicomiso de las Islas del Pac+//3//Q-fico,,,,,,
F206,Sud+//3//Q-n (Ex),,,,,,
F285,Sark,,,,,,
F336,Am+//3//Q-rica del Norte y Central,,,,,,
F351,China (FAO),China,China,,,,
F420,Africa Sub+AC0-Sahariana (FAO),+//3//Q-frica Subsahariana,+//3//Q-frica Subsahariana,,,,
F429,Norte de +//3//Q-frica (excluido Sud+//3//Q-n),Norte de +//3//Q-frica,Norte de +//3//Q-frica,,,,
F5101,+//3//Q-frica Oriental,,,,,,
F5102,+//3//Q-frica Media,,,,,,
F5103,+//3//Q-frica del Norte,,,,,,
F5104,+//3//Q-frica del Sur,,,,,,
F5105,+//3//Q-frica Occidental,,,,,,
F5203,Am+//3//Q-rica del Norte (FAO),Am+//3//Q-rica del Norte,Am+//3//Q-rica del Norte,,,,
F5204,Centroam+//3//Q-rica,,,,,,
F5205,Am+//3//Q-rica Latina y El Caribe (FAO),Am+//3//Q-rica Latina y el Caribe,Am+//3//Q-rica Latina y el Caribe,,,,
F5206,Caribe,,,,,,
F5207,Sudamerica,Sudam+//3//Q-rica,Sudam+//3//Q-rica,,,,
F5208,Am+//3//Q-rica Del Norte y Europa,Am+//3//Q-rica del Norte y Europa,Am+//3//Q-rica del Norte y Europa,,,,
F5300,Asia,,,,,,
F5301,Asia Central,,,,,,
F5302,Asia Oriental,,,,,,
F5303,Asia del Sur (FAO),Asia del Sur,Asia del Sur,,,,
F5304,Sudeste Asi+//3//Q-tico,,,,,,
F5305,Asia Occidental,,,,,,
F5306,Asia Central y Asia Meridional,,,,,,
F5307,Asia Oriental y Asia Sudoriental,,,,,,
F5308,Asia Occidental y +//3//Q-frica del Norte,,,,,,
F5401,Europa del Este,,,,,,
F5402,Norte de Europa,,,,,,
F5403,Europa del Sur,,,,,,
F5404,Europa Oriental,,,,,,
F5500,Ocean+//3//Q-a,,,,,,
F5501,Australia y Nueva Zelanda,,,,,,
F5502,Melanesia,,,,,,
F5504,Polinesia,,,,,,
F5600,Regi+//3//Q-n Ant+//3//Q-rtica,,,,,,
F5707,Uni+//3//Q-n Europea (27),,,,,,
F5801,Pa+//3//Q-ses Menos Desarrollados,Pa+//3//Q-ses menos desarrollados,Pa+//3//Q-ses menos desarrollados,,,,
F5802,Pa+//3//Q-ses en Desarrollo Sin Litoral,Pa+//3//Q-ses en desarrollo sin litoral,Pa+//3//Q-ses en desarrollo sin litoral,,,,
F5803,Peque+//3//Q-os Estados Insulares en Desarrollo,Peque+//3//Q-os Estados insulares,Peque+//3//Q-os Estados insulares,,,,
F5807,Ocean+//3//Q-a (excluyendo Australia y Nueva Zelanda),,,,,,
F5810,+//3//Q-frica Subsahariana (incluido Sud+//3//Q-n),+//3//Q-frica Subsahariana,+//3//Q-frica Subsahariana,,,,
F5815,Pa+//3//Q-ses de Bajos Ingresos y con D+//3//Q-ficit de Alimentos,Pa+//3//Q-ses de bajos ingresos ,Pa+//3//Q-ses de bajos ingresos,,,,
F5817,Pa+//3//Q-ses en Desarrollo Importadores Netos de Alimentos,Pa+//3//Q-ses en desarrollo importadores netos de alimentos,Pa+//3//Q-ses en desarrollo importadores netos de alimentos,,,,
F5825,Asia Oriental (excluido Jap+//3//Q-n),,,,,,
F5826,Regiones en Desarrollo,Regiones en desarrollo,Regiones en desarrollo,,,,
F5827,Regiones Desarrolladas,Regiones desarrolladas,Regiones desarrolladas,,,,
F5828,+ACI-Asia Occidental (excluyendo Armenia, Azerbaiy+//3//Q-n, Chipre, Israel y Georgia)+ACI-,Asia Occidental,Asia Occidental,,,,
F5829,Asia Oriental (excluyendo Jap+//3//Q-n y China),,,,,,
F5848,Pa+//3//Q-ses del Anexo I,,,,,,
F5849,Pa+//3//Q-ses no Incluidos en el Anexo I,,,,,,
F5855,Asia Meridional (excluida India),,,,,,
F5857,C+//3//Q-ucaso y Asia Central,,,,,,
F5858,Econom+//3//Q-as de Bajos Ingresos,Econom+//3//Q-as de bajos ingresos,Econom+//3//Q-as de bajos ingresos,,,,
F5859,Econom+//3//Q-as de Ingresos Medianos Bajos,Econom+//3//Q-as de ingresos medianos bajos,Econom+//3//Q-as de ingresos medianos bajos,,,,
F5873,OCDE,,,,,,
F62,Rep+//3//Q-blica Democr+//3//Q-tica Popular Etiop+//3//Q-a,,,,,,
F78,Rep+//3//Q-blica Federal de Alemania (ex),,,,,,
F9010,Econom+//3//Q-as de Altos Ingresos,Econom+//3//Q-as de altos ingresos,Econom+//3//Q-as de altos ingresos,,,,
F9011,Econom+//3//Q-as de Ingresos Medianos Altos,Econom+//3//Q-as de ingresos medianos y altos,Econom+//3//Q-as de ingresos medianos y altos,,,,
FCS,Situaciones Fr+//3//Q-giles y Afectadas por Conflictos,Situaciones fr+//3//Q-giles y afectadas por conflictos,Situaciones fr+//3//Q-giles y afectadas por conflictos,,,,
FIN,Finlandia,,,,,,
FJI,Fiji,,,,,,
FLK,Islas Malvinas,,,,,,
FRA,Francia,,,,,,
FRE,Zonas Francas,Zonas francas,Zonas francas,,,,
FRO,Islas Feroe,,,,,,
FSM,Micronesia,,,,,,
GAB,Gab+//3//Q-n,,,,,,
GAZ,Franja de Gaza,,,,,,
GBR,Reino Unido,,,,,,
GEO,Georgia,,,,,,
GGY,Guernsey,,,,,,
GHA,Ghana,,,,,,
GIB,Gibraltar,,,,,,
GIN,Guinea,,,,,,
GLP,Guadalupe,,,,,,
GMB,Gambia,,,,,,
GNB,Guinea+AC0-Bissau,,,,,,
GNQ,Guinea Ecuatorial,,,,,,
GRC,Grecia,,,,,,
GRD,Granada,,,,,,
GRL,Groenlandia,,,,,,
GTM,Guatemala,,,,,,
GUF,Guayana Francesa,,,,,,
GUM,Guam,,,,,,
GUY,Guyana,,,,,,
HIC,Pa+//3//Q-ses de Altos Ingresos,Pa+//3//Q-ses de altos ingresos,Pa+//3//Q-ses de altos ingresos,,,,
HKG,Hong Kong,,,,,,
HMD,Islas Heard y McDonald,,,,,,
HND,Honduras,,,,,,
HPC,Pa+//3//Q-ses Pobres Muy Endeudados (PPME),Pa+//3//Q-ses pobres endeudados,Pa+//3//Q-ses pobres endeudados,,,,
HRV,Croacia,,,,,,
HTI,Hait+//3//Q-,,,,,,
HUN,Hungr+//3//Q-a,,,,,,
IBD,S+//3//Q-lo BIRF,,,,,,
IBT,AIF,,,,,,
IDA,AIF Total,,,,,,
IDB,Mezcla de AIF,,,,,,
IDN,Indonesia,,,,,,
IDX,Solo AIF,,,,,,
IMN,Isla de Man,,,,,,
IND,India,,,,,,
IOT,Territorio Brit+//3//Q-nico del Oc+//3//Q-ano +//3//Q-ndico,,,,,,
IRL,Irlanda,,,,,,
IRN,Ir+//3//Q-n,,,,,,
IRQ,Iraq,,,,,,
ISL,Islandia,,,,,,
ISR,Israel,,,,,,
ITA,Italia,,,,,,
JAM,Jamaica,,,,,,
JEY,Jersey,,,,,,
JOR,Jordania,,,,,,
JPN,Jap+//3//Q-n,,,,,,
JTN,Isla Jhonston,,,,,,
KAZ,Kazajst+//3//Q-n,,,,,,
KEN,Kenia,,,,,,
KGZ,Kirguist+//3//Q-n,,,,,,
KHM,Camboya,,,,,,
KIR,Kiribati,,,,,,
KN1,San Crist+//3//Q-bal y Nieves+AC0-Anguila+AC0-Aru,,,,,,
KNA,Saint Kitts y Nevis,,,,,,
KOR,Corea del Sur,,,,,,
KWT,Kuwait,,,,,,
LAC,Am+//3//Q-rica Latina y el Caribe (excluidos Pa+//3//Q-ses de Altos Ingresos),Am+//3//Q-rica Latina y el Caribe,Am+//3//Q-rica Latina y el Caribe,,,,
LAO,Lao,Laos,Laos,,,,
LBN,L+//3//Q-bano,,,,,,
LBR,Liberia,,,,,,
LBY,Libia,,,,,,
LCA,Santa Luc+//3//Q-a,,,,,,
TLA,Am+//3//Q-rica Latina y el Caribe (IDA y BIRF),,,,,,
LDC,Pa+//3//Q-ses Menos Desarrollados: Clasificaci+//3//Q-n de la ONU,Pa+//3//Q-ses menos desarrollados,Pa+//3//Q-ses menos desarrollados,,,,
LIC,Pa+//3//Q-ses de Bajos Ingresos,Pa+//3//Q-ses de bajos ingresos,Pa+//3//Q-ses de bajos ingresos,,,,
LIE,Liechtenstein,,,,,,
LKA,Sri Lanka,,,,,,
LMC,Pa+//3//Q-ses de Ingreso Medio Bajo,Pa+//3//Q-ses de ingreso medio bajo,Pa+//3//Q-ses de ingreso medio bajo,,,,
LMY,Pa+//3//Q-ses de Ingreso Bajo y Medio,Pa+//3//Q-ses de ingreso bajo y medio,Pa+//3//Q-ses de ingreso bajo y medio,,,,
LSO,Lesotho,,,,,,
LTE,Bono Demogr+//3//Q-fico Tard+//3//Q-o,Bono demogr+//3//Q-fico tard+//3//Q-o,Bono demogr+//3//Q-fico tard+//3//Q-o,,,,
LTU,Lituania,,,,,,
LUX,Luxemburgo,,,,,,
LVA,Letonia,,,,,,
MAC,Macao,,,,,,
MAF,San Mart+//3//Q-n (parte francesa),,,,,,
MAR,Marruecos,,,,,,
MCO,M+//3//Q-naco,,,,,,
MDA,Moldavia,,,,,,
MDG,Madagascar,,,,,,
MDV,Maldivas,,,,,,
SAS,Asia del Sur (BM),,,,,,
MEX,M+//3//Q-xico,,,,,,
MHL,Islas Marshall,,,,,,
MIC,Ingreso Medio,Pa+//3//Q-ses de ingreso medio,Pa+//3//Q-ses de ingreso medio,,,,
MID,Islas Midway,,,,,,
MKD,Macedonia del Norte,,,,,,
MLI,Mal+//3//Q-,,,,,,
MLT,Malta,,,,,,
MMR,Myanmar,,,,,,
TSA,Asia del Sur (IDA y BIRF),Oriente Medio y +//3//Q-frica del Norte,Oriente Medio y +//3//Q-frica del Norte,,,,
MNE,Montenegro,,,,,,
MNG,Mongolia,,,,,,
MNP,Islas Marianas Septentrionales,Islas Marianas,Islas Marianas,,,,
MOZ,Mozambique,,,,,,
MRT,Mauritania,,,,,,
MSR,Montserrat,,,,,,
MTQ,Martinica,,,,,,
MUS,Mauricio,,,,,,
MWI,Malawi,,,,,,
MYS,Malasia,,,,,,
MYT,Mayotte,,,,,,
NAC,Am+//3//Q-rica del Norte (BM),Am+//3//Q-rica del Norte,Am+//3//Q-rica del Norte,,,,
NAM,Namibia,,,,,,
NCL,Nueva Caledonia,,,,,,
NER,N+//3//Q-ger,,,,,,
NFK,Isla Norfolk,,,,,,
NGA,Nigeria,,,,,,
NIC,Nicaragua,,,,,,
NIU,Niue,,,,,,
NLD,Pa+//3//Q-ses Bajos,,,,,,
NOR,Noruega,,,,,,
NPL,Nepal,,,,,,
NRU,Nauru,,,,,,
NZE,Zona Neutral,,,,,,
NZL,Nueva Zelandia,Nueva Zelanda,Nueva Zelanda,,,,
OED,Miembros de la OCDE,,,,,,
OHI,Otros Pa+//3//Q-ses de Altos Ingresos,Pa+//3//Q-ses de altos ingresos,Pa+//3//Q-ses de altos ingresos,,,,
OMN,Om+//3//Q-n,,,,,,
OSS,Otros Estados Peque+//3//Q-os,Otros Estados peque+//3//Q-os,Otros Estados peque+//3//Q-os,,,,
PAK,Pakist+//3//Q-n,,,,,,
PAN,Panam+//3//Q-,,,,,,
PCE,Islas del Pacifico,Islas del Pac+//3//Q-fico,Islas del Pac+//3//Q-fico,,,,
PCN,Pitcairn,,,,,,
PCZ,Zona del Canal de Panam+//3//Q- (ex),,,,,,
PER,Per+//3//Q-,,,,,,
PHL,Filipinas,,,,,,
PLW,Palau,,,,,,
PMY,Pen Malasia,,,,,,
PNG,Papua Nueva Guinea,Pap+//3//Q-a Nueva Guinea,Pap+//3//Q-a Nueva Guinea,,,,
POL,Polonia,,,,,,
PRE,Pa+//3//Q-ses del Bono Predemogr+//3//Q-fico,Pa+//3//Q-ses del bono predemogr+//3//Q-fico,Pa+//3//Q-ses del bono predemogr+//3//Q-fico,,,,
PRI,Puerto Rico,,,,,,
PRK,Corea del Norte,,,,,,
PRT,Portugal,,,,,,
PRY,Paraguay,,,,,,
PSE,Palestina,,,,,,
PSS,Peque+//3//Q-os Estados Insulares del Pac+//3//Q-fico,Peque+//3//Q-os Estados insulares del Pac+//3//Q-fico,Peque+//3//Q-os Estados insulares del Pac+//3//Q-fico,,,,
PST,Pa+//3//Q-ses del Bono Posdemogr+//3//Q-fico,Pa+//3//Q-ses del bono posdemogr+//3//Q-fico,Pa+//3//Q-ses del bono posdemogr+//3//Q-fico,,,,
PYF,Polinesia Francesa,,,,,,
QAT,Qatar,,,,,,
REU,Reuni+//3//Q-n,,,,,,
ROU,Rumania,,,,,,
RUS,Rusia,,,,,,
RWA,Ruanda,,,,,,
RYU,Islas Ry+//3//Q-ky+//3//Q-,,,,,,
EAS,Este de Asia y Pac+//3//Q-fico,Este de Asia y Pac+//3//Q-fico,Este de Asia y Pac+//3//Q-fico,,,,
SAU,Arabia Saudita,,,,,,
SBH,Sab+//3//Q-,,,,,,
SCG,Serbia y Montenegro,,,,,,
SDN,Sud+//3//Q-n,,,,,,
SEN,Senegal,,,,,,
SER,Yugoslavia,,,,,,
SGP,Singapur,,,,,,
SGS,Georgia del Sur y las Islas Sandwich del Sur,Islas Georgias y Sandwich del Sur,Islas Georgias y Sandwich del Sur,,,,
SHN,Santa Elena,,,,,,
SIK,Sikkim,,,,,,
SJM,Islas Svalbard y Jan Mayen,,,,,,
SLB,Islas Salom+//3//Q-n,,,,,,
SLE,Sierra Leona,,,,,,
SLV,El Salvador,,,,,,
SMR,San Marino,,,,,,
SOM,Somalia,,,,,,
SPE,Categor+//3//Q-as Especiales,Categor+//3//Q-as especiales,Categor+//3//Q-as especiales,,,,
SPM,San Pedro y Miquel+//3//Q-n,,,,,,
SRB,Serbia,,,,,,
EAP,Este de Asia y Pac+//3//Q-fico (excluyendo Pa+//3//Q-ses de Altos Ingresos),Este de Asia y Pac+//3//Q-fico (excluyendo Pa+//3//Q-ses de Altos Ingresos),Este de Asia y Pac+//3//Q-fico (excluyendo Pa+//3//Q-ses de Altos Ingresos),,,,
SSD,Sud+//3//Q-n del Sur,,,,,,
TEA,Este de Asia y Pac+//3//Q-fico (IDA y BIRF),Este de Asia y Pac+//3//Q-fico (IDA y BIRF),Este de Asia y Pac+//3//Q-fico (IDA y BIRF),,,,
SST,Estados Peque+//3//Q-os,Estados peque+//3//Q-os,Estados peque+//3//Q-os,,,,
STP,Santo Tom+//3//Q- y Pr+//3//Q-ncipe,,,,,,
SUR,Suriname,,,,,,
SVK,Eslovaquia,,,,,,
SVN,Eslovenia,,,,,,
SVR,Vietnam del Sur (ex),,,,,,
SVU,Uni+//3//Q-n Sovi+//3//Q-tica,,,,,,
SWE,Suecia,,,,,,
SWK,Sarawak,,,,,,
SWZ,Eswatini,,,,,,
SXM,San Mart+//3//Q-n (parte Holandesa),San Mart+//3//Q-n (parte holandesa),San Mart+//3//Q-n (parte holandesa),,,,
SYC,Seychelles,,,,,,
SYR,Siria,,,,,,
TAN,Tanganica (ex),,,,,,
TCA,Islas Turcas y Caicos,,,,,,
TCD,Chad,,,,,,
ECS,Europa y Asia Central,Europa y Asia Central,Europa y Asia Central,,,,
ECA,Europa y Asia Central (excluyendo Pa+//3//Q-ses de Altos Ingresos),Europa y Asia Central (excluyendo Pa+//3//Q-ses de Altos Ingresos),Europa y Asia Central (excluyendo Pa+//3//Q-ses de Altos Ingresos),,,,
TGO,Togo,,,,,,
THA,Tailandia,,,,,,
TJK,Tayikist+//3//Q-n,,,,,,
TKL,Tokelau,,,,,,
TKM,Turkmenist+//3//Q-n,,,,,,
TEC,Europa y Asia Central (IDA y BIRF),Europa y Asia Central (IDA y BIRF),Europa y Asia Central (IDA y BIRF),,,,
TLS,Timor+AC0-Leste,,,,,,
MEA,Oriente Medio y +//3//Q-frica del Norte,Oriente Medio y +//3//Q-frica del Norte,Oriente Medio y +//3//Q-frica del Norte,,,,
TON,Tonga,,,,,,
MNA,Oriente Medio y +//3//Q-frica del Norte (excluidos Pa+//3//Q-ses de Altos Ingresos),Oriente Medio y +//3//Q-frica del Norte (excluidos Pa+//3//Q-ses de Altos Ingresos),Oriente Medio y +//3//Q-frica del Norte (excluidos Pa+//3//Q-ses de Altos Ingresos),,,,
TMN,Oriente Medio y +//3//Q-frica del Norte (IDA y BIRF),Oriente Medio y +//3//Q-frica del Norte (IDA y BIRF),Oriente Medio y +//3//Q-frica del Norte (IDA y BIRF),,,,
TTO,Trinidad y Tobago,,,,,,
TUN,T+//3//Q-nez,,,,,,
TUR,Turqu+//3//Q-a,,,,,,
TUV,Tuvalu,,,,,,
TWN,Taiw+//3//Q-n,,,,,,
TZA,Tanzan+//3//Q-a,,,,,,
UGA,Uganda,,,,,,
UKR,Ucrania,,,,,,
UMC,Ingreso Medio Alto,Pa+//3//Q-ses de ingreso medio alto,Pa+//3//Q-ses de ingreso medio alto,,,,
UMI,Islas Menores alejadas de Estados Unidos,Islas menores alejadas de EEUU,Islas menores alejadas de EEUU,,,,
UNS,No Especificado,No especificado,No especificado,,,,
URY,Uruguay,,,,,,
USA,Estados Unidos,,,,,,
USP,Us Msc.Pac.I,,,,,,
UZB,Uzbekist+//3//Q-n,,,,,,
VAT,Vaticano,,,,,,
VCT,San Vicente y las Granadinas,,,,,,
VDR,Vietnam del Norte (ex),,,,,,
VEN,Venezuela,,,,,,
VGB,Islas V+//3//Q-rgenes Brit+//3//Q-nicas,,,,,,
VIR,Islas V+//3//Q-rgenes de los Estados Unidos,Islas V+//3//Q-rgenes de EEUU,Islas V+//3//Q-rgenes de EEUU,,,,
VNM,Vietnam,,,,,,
VUT,Vanuatu,,,,,,
WAK,Isla Wake,,,,,,
WBG,Cisjordania y Gaza,,,,,,
WLD,Mundo,,,,,,
WLF,Islas Wallis y Futuna,Wallis y Futuna,Wallis y Futuna,,,,
WSM,Samoa,,,,,,
X06,+//3//Q-frica,,,,,,
X21,Am+//3//Q-ricas,,,,,,
XKX,Kosovo,,,,,,
YDR,Rep+//3//Q-blica Democr+//3//Q-tica Popular de Yemen,Rep. Dem. Pop. Yemen,Rep. Dem. Pop. Yemen,,,,
YEM,Yemen,,,,,,
YMD,Rep+//3//Q-blica Ar+//3//Q-bica de Yemen,Yemen,Yemen,,,,
ZAF,Sud+//3//Q-frica,,,,,,
ZMB,Zambia,,,,,,
ZPM,Zanzibar,,,,,,
ZW1,Rhodesia y Nyasaland (ex),,,,,,
ZWE,Zimbabwe,,,,,,
OWID+AF8-USS,Uni+//3//Q-n Sovi+//3//Q-tica (OWID),Uni+//3//Q-n Sovi+//3//Q-tica,Uni+//3//Q-n Sovi+//3//Q-tica,,,,
TRANS,Transporte Internacional,Transporte internacional,Transporte internacional,,,,
PCI,Islas del Pac+//3//Q-fico (ex),,,,,,
ANS,Pa+//3//Q-ses no Declarados,Pa+//3//Q-ses no declarados,Pa+//3//Q-ses no declarados,,,,
APEC,Cooperaci+//3//Q-n Econ+//3//Q-mica Asia+AC0-Pac+//3//Q-fico,,,,,,
ASEAN,Asociaci+//3//Q-n de Naciones del Sudeste Asi+//3//Q-tico,,,,,,
EA19,Zona Euro (19 pa+//3//Q-ses),Eurozona,Eurozona,,,,
EASIA,Asia del Este,,,,,,
EU13,Uni+//3//Q-n Europea (28 pa+//3//Q-ses excluyendo EU15),,,,,,
EU15,Uni+//3//Q-n Europea (15 pa+//3//Q-ses),Uni+//3//Q-n Europea (15 pa+//3//Q-ses),Uni+//3//Q-n Europea (15 pa+//3//Q-ses),,,,
EU27+AF8-2020,Uni+//3//Q-n Europea (27 pa+//3//Q-ses),,,,,,
EU28,Uni+//3//Q-n Europea (28 pa+//3//Q-ses),,,,,,
G20,G+AC0-20,,,,,,
NONOECD,Econom+//3//Q-as no miembros de OCDE,Pa+//3//Q-ses no miembros de OCDE,Pa+//3//Q-ses no miembros de OCDE,,,,
OECD,Pa+//3//Q-ses miembros de OCDE,,,,,,
ROW,Resto del Mundo,Resto del mundo,Resto del mundo,,,,
ZASI,Este y Sudeste Asi+//3//Q-tico,,,,,,
ZEUR,Europa,,,,,,
ZNAM,Am+//3//Q-rica del Norte (OECD),Am+//3//Q-rica del Norte,Am+//3//Q-rica del Norte,,,,
ZOTH,Otras Regiones,Otras regiones,Otras regiones,,,,
ZSCA,Am+//3//Q-rica del Sur y Central,,,,,,
OWID+AF8-AKD,Akrotiri y Dekelia,,,,,,
AR+AC0-C,Ciudad Aut+//3//Q-noma de Buenos Aires,CABA,CABA,,,,
AR+AC0-B,Buenos Aires,,,,,,
AR+AC0-K,Catamarca,,,,,,
AR+AC0-X,C+//3//Q-rdoba,,,,,,
AR+AC0-W,Corrientes,,,,,,
AR+AC0-H,Chaco,,,,,,
AR+AC0-U,Chubut,,,,,,
AR+AC0-E,Entre R+//3//Q-os,,,,,,
AR+AC0-P,Formosa,,,,,,
AR+AC0-Y,Jujuy,,,,,,
AR+AC0-L,La Pampa,,,,,,
AR+AC0-F,La Rioja,,,,,,
AR+AC0-M,Mendoza,,,,,,
AR+AC0-N,Misiones,,,,,,
AR+AC0-Q,Neuqu+//3//Q-n,,,,,,
AR+AC0-R,R+//3//Q-o Negro,,,,,,
AR+AC0-A,Salta,,,,,,
AR+AC0-J,San Juan,,,,,,
AR+AC0-D,San Luis,,,,,,
AR+AC0-Z,Santa Cruz,,,,,,
AR+AC0-S,Santa Fe,,,,,,
AR+AC0-G,Santiago del Estero,,,,,,
AR+AC0-T,Tucum+//3//Q-n,,,,,,
AR+AC0-V,Tierra del Fuego,,,,,,
AR+AC0-C001,Comuna 01 (Caba),Comuna 1 (CABA),Comuna 1 (CABA),,,,
AR+AC0-C002,Comuna 02 (Caba),Comuna 2 (CABA),Comuna 2 (CABA),,,,
AR+AC0-C003,Comuna 03 (Caba),Comuna 3 (CABA),Comuna 3 (CABA),,,,
AR+AC0-C004,Comuna 04 (Caba),Comuna 4 (CABA),Comuna 4 (CABA),,,,
AR+AC0-C005,Comuna 05 (Caba),Comuna 5 (CABA),Comuna 5 (CABA),,,,
AR+AC0-C006,Comuna 06 (Caba),Comuna 6 (CABA),Comuna 6 (CABA),,,,
AR+AC0-C007,Comuna 07 (Caba),Comuna 7 (CABA),Comuna 7 (CABA),,,,
AR+AC0-C008,Comuna 08 (Caba),Comuna 8 (CABA),Comuna 8 (CABA),,,,
AR+AC0-C009,Comuna 09 (Caba),Comuna 9 (CABA),Comuna 9 (CABA),,,,
AR+AC0-C010,Comuna 10 (Caba),Comuna 10 (CABA),Comuna 10 (CABA),,,,
AR+AC0-C011,Comuna 11 (Caba),Comuna 11 (CABA),Comuna 11 (CABA),,,,
AR+AC0-C012,Comuna 12 (Caba),Comuna 12 (CABA),Comuna 12 (CABA),,,,
AR+AC0-C013,Comuna 13 (Caba),Comuna 13 (CABA),Comuna 13 (CABA),,,,
AR+AC0-C014,Comuna 14 (Caba),Comuna 14 (CABA),Comuna 14 (CABA),,,,
AR+AC0-C015,Comuna 15 (Caba),Comuna 15 (CABA),Comuna 15 (CABA),,,,
AR+AC0-B007,Adolfo Alsina (Buenos Aires),,,,,,
AR+AC0-B021,Alberti (Buenos Aires),,,,,,
AR+AC0-B028,Almirante Brown (Buenos Aires),Alte. Brown (Buenos Aires),Alte. Brown (Buenos Aires),,,,
AR+AC0-B035,Avellaneda (Buenos Aires),,,,,,
AR+AC0-B042,Ayacucho (Buenos Aires),,,,,,
AR+AC0-B049,Azul (Buenos Aires),,,,,,
AR+AC0-B056,Bahia Blanca (Buenos Aires),,,,,,
AR+AC0-B063,Balcarce (Buenos Aires),,,,,,
AR+AC0-B070,Baradero (Buenos Aires),,,,,,
AR+AC0-B077,Bartolome Mitre (Buenos Aires),,,,,,
AR+AC0-B091,Berazategui (Buenos Aires),,,,,,
AR+AC0-B098,Berisso (Buenos Aires),,,,,,
AR+AC0-B105,Bolivar (Buenos Aires),,,,,,
AR+AC0-B112,Bragado (Buenos Aires),,,,,,
AR+AC0-B119,Brandsen (Buenos Aires),,,,,,
AR+AC0-B126,Campana (Buenos Aires),,,,,,
AR+AC0-B134,Ca+//3//Q-uelas (Buenos Aires),,,,,,
AR+AC0-B140,Capitan Sarmiento (Buenos Aires),,,,,,
AR+AC0-B147,Carlos Casares (Buenos Aires),,,,,,
AR+AC0-B154,Carlos Tejedor (Buenos Aires),,,,,,
AR+AC0-B161,Carmen De Areco (Buenos Aires),,,,,,
AR+AC0-B602,Patagones (Buenos Aires),,,,,,
AR+AC0-B168,Castelli (Buenos Aires),,,,,,
AR+AC0-B175,Colon (Buenos Aires),,,,,,
AR+AC0-B189,Coronel Dorrego (Buenos Aires),Cnel. Dorrego (Buenos Aires),Cnel. Dorrego (Buenos Aires),,,,
AR+AC0-B196,Coronel Pringles (Buenos Aires),Cnel. Pringles (Buenos Aires),Cnel. Pringles (Buenos Aires),,,,
AR+AC0-B182,Coronel De Marina L. Rosales (Buenos Aires),Cnel. Rosales (Buenos Aires),Cnel. Rosales (Buenos Aires),,,,
AR+AC0-B203,Coronel Suarez (Buenos Aires),Cnel. Su+//3//Q-rez (Buenos Aires),Cnel. Su+//3//Q-rez (Buenos Aires),,,,
AR+AC0-B210,Chacabuco (Buenos Aires),,,,,,
AR+AC0-B217,Chascomus (Buenos Aires),Chascom+//3//Q-s (Buenos Aires),Chascom+//3//Q-s (Buenos Aires),,,,
AR+AC0-B224,Chivilcoy (Buenos Aires),,,,,,
AR+AC0-B231,Daireaux (Buenos Aires),,,,,,
AR+AC0-B238,Dolores (Buenos Aires),,,,,,
AR+AC0-B245,Ensenada (Buenos Aires),,,,,,
AR+AC0-B252,Escobar (Buenos Aires),,,,,,
AR+AC0-B260,Esteban Echeverria (Buenos Aires),Esteban Echeverr+//3//Q-a (Buenos Aires),Esteban Echeverr+//3//Q-a (Buenos Aires),,,,
AR+AC0-B266,Exaltacion De La Cruz (Buenos Aires),Exaltaci+//3//Q-n de la Cruz (Buenos Aires),Exaltaci+//3//Q-n de la Cruz (Buenos Aires),,,,
AR+AC0-B274,Florencio Varela (Buenos Aires),,Gral. Alvarado (Buenos Aires),,,,
AR+AC0-B280,General Alvarado (Buenos Aires),Gral. Alvarado (Buenos Aires),Gral. Alvear (Buenos Aires),,,,
AR+AC0-B287,General Alvear (Buenos Aires),Gral. Alvear (Buenos Aires),Gral. Arenales (Buenos Aires),,,,
AR+AC0-B294,General Arenales (Buenos Aires),Gral. Arenales (Buenos Aires),Gral. Belgrano (Buenos Aires),,,,
AR+AC0-B301,General Belgrano (Buenos Aires),Gral. Belgrano (Buenos Aires),Gral. Guido (Buenos Aires),,,,
AR+AC0-B308,General Guido (Buenos Aires),Gral. Guido (Buenos Aires),Gral. La Madrid (Buenos Aires),,,,
AR+AC0-B322,General La Madrid (Buenos Aires),Gral. La Madrid (Buenos Aires),Gral. Las Heras (Buenos Aires),,,,
AR+AC0-B329,General Las Heras (Buenos Aires),Gral. Las Heras (Buenos Aires),Gral. Lavalle (Buenos Aires),,,,
AR+AC0-B336,General Lavalle (Buenos Aires),Gral. Lavalle (Buenos Aires),Gral. Juan Madariaga (Buenos Aires),,,,
AR+AC0-B315,General Juan Madariaga (Buenos Aires),Gral. Juan Madariaga (Buenos Aires),Gral. Paz (Buenos Aires),,,,
AR+AC0-B343,General Paz (Buenos Aires),Gral. Paz (Buenos Aires),Gral. Pinto (Buenos Aires),,,,
AR+AC0-B351,General Pinto (Buenos Aires),Gral. Pinto (Buenos Aires),,,,,
AR+AC0-B357,General Pueyrredon (Buenos Aires),Gral. Pueyrred+//3//Q-n (Buenos Aires),Gral. Pueyrred+//3//Q-n (Buenos Aires),,,,
AR+AC0-B364,General Rodriguez (Buenos Aires),Gral. Rodr+//3//Q-guez (Buenos Aires),Gral. Rodr+//3//Q-guez (Buenos Aires),,,,
AR+AC0-B371,General San Martin (Buenos Aires),Gral. San Mart+//3//Q-n (Buenos Aires),Gral. San Mart+//3//Q-n (Buenos Aires),,,,
AR+AC0-B760,San Miguel (Buenos Aires),,,,,,
AR+AC0-B385,General Viamonte (Buenos Aires),Gral. Viamonte (Buenos Aires),Gral. Viamonte (Buenos Aires),,,,
AR+AC0-B392,General Villegas (Buenos Aires),Gral. Villegas (Buenos Aires),Gral. Villegas (Buenos Aires),,,,
AR+AC0-B014,Adolfo Gonzales Chaves (Buenos Aires),Adolfo Gonz+//3//Q-lez Chaves (Buenos Aires),Adolfo Gonz+//3//Q-lez Chaves (Buenos Aires),,,,
AR+AC0-B399,Guamini (Buenos Aires),Guamin+//3//Q- (Buenos Aires),Guamin+//3//Q- (Buenos Aires),,,,
AR+AC0-B406,Hipolito Yrigoyen (Buenos Aires),Hip+//3//Q-lito Yrigoyen (Buenos Aires),Hip+//3//Q-lito Yrigoyen (Buenos Aires),,,,
AR+AC0-B084,Benito Juarez (Buenos Aires),Benito Ju+//3//Q-rez (Buenos Aires),Benito Ju+//3//Q-rez (Buenos Aires),,,,
AR+AC0-B413,Junin (Buenos Aires),Jun+//3//Q-n (Buenos Aires),Jun+//3//Q-n (Buenos Aires),,,,
AR+AC0-B427,La Matanza (Buenos Aires),,,,,,
AR+AC0-B434,Lanus (Buenos Aires),Lan+//3//Q-s (Buenos Aires),Lan+//3//Q-s (Buenos Aires),,,,
AR+AC0-B441,La Plata (Buenos Aires),,,,,,
AR+AC0-B448,Laprida (Buenos Aires),,,,,,
AR+AC0-B455,Las Flores (Buenos Aires),,,,,,
AR+AC0-B462,Leandro N. Alem (Buenos Aires),,,,,,
AR+AC0-B469,Lincoln (Buenos Aires),,,,,,
AR+AC0-B476,Loberia (Buenos Aires),Lober+//3//Q-a (Buenos Aires),Lober+//3//Q-a (Buenos Aires),,,,
AR+AC0-B483,Lobos (Buenos Aires),,,,,,
AR+AC0-B490,Lomas De Zamora (Buenos Aires),Lomas de Zamora (Buenos Aires),Lomas de Zamora (Buenos Aires),,,,
AR+AC0-B497,Lujan (Buenos Aires),Luj+//3//Q-n (Buenos Aires),Luj+//3//Q-n (Buenos Aires),,,,
AR+AC0-B505,Magdalena (Buenos Aires),,,,,,
AR+AC0-B511,Maipu (Buenos Aires),Maip+//3//Q- (Buenos Aires),Maip+//3//Q- (Buenos Aires),,,,
AR+AC0-B518,Mar Chiquita (Buenos Aires),,,,,,
AR+AC0-B525,Marcos Paz (Buenos Aires),,,,,,
AR+AC0-B532,Mercedes (Buenos Aires),,,,,,
AR+AC0-B539,Merlo (Buenos Aires),,,,,,
AR+AC0-B547,Monte (Buenos Aires),,,,,,
AR+AC0-B560,Moreno (Buenos Aires),,,,,,
AR+AC0-B568,Moron (Buenos Aires),Mor+//3//Q-n (Buenos Aires),Mor+//3//Q-n (Buenos Aires),,,,
AR+AC0-B574,Navarro (Buenos Aires),,,,,,
AR+AC0-B581,Necochea (Buenos Aires),,,,,,
AR+AC0-B588,9 De Julio (Buenos Aires),,,,,,
AR+AC0-B595,Olavarria (Buenos Aires),Olavarr+//3//Q-a (Buenos Aires),Olavarr+//3//Q-a (Buenos Aires),,,,
AR+AC0-B609,Pehuajo (Buenos Aires),Pehuaj+//3//Q- (Buenos Aires),Pehuaj+//3//Q- (Buenos Aires),,,,
AR+AC0-B616,Pellegrini (Buenos Aires),,,,,,
AR+AC0-B623,Pergamino (Buenos Aires),,,,,,
AR+AC0-B630,Pila (Buenos Aires),,,,,,
AR+AC0-B638,Pilar (Buenos Aires),,,,,,
AR+AC0-B644,Pinamar (Buenos Aires),,,,,,
AR+AC0-B651,Puan (Buenos Aires),Pu+//3//Q-n (Buenos Aires),Pu+//3//Q-n (Buenos Aires),,,,
AR+AC0-B658,Quilmes (Buenos Aires),,,,,,
AR+AC0-B665,Ramallo (Buenos Aires),,,,,,
AR+AC0-B672,Rauch (Buenos Aires),,,,,,
AR+AC0-B679,Rivadavia (Buenos Aires),,,,,,
AR+AC0-B686,Rojas (Buenos Aires),,,,,,
AR+AC0-B693,Roque Perez (Buenos Aires),Roque P+//3//Q-rez (Buenos Aires),Roque P+//3//Q-rez (Buenos Aires),,,,
AR+AC0-B700,Saavedra (Buenos Aires),,,,,,
AR+AC0-B707,Saladillo (Buenos Aires),,,,,,
AR+AC0-B721,Salliquelo (Buenos Aires),Salliquel+//3//Q- (Buenos Aires),Salliquel+//3//Q- (Buenos Aires),,,,
AR+AC0-B714,Salto (Buenos Aires),,,,,,
AR+AC0-B728,San Andres De Giles (Buenos Aires),San Andr+//3//Q-s de Giles (Buenos Aires),San Andr+//3//Q-s de Giles (Buenos Aires),,,,
AR+AC0-B735,San Antonio De Areco (Buenos Aires),,,,,,
AR+AC0-B742,San Cayetano (Buenos Aires),,,,,,
AR+AC0-B749,San Fernando (Buenos Aires),,,,,,
AR+AC0-B756,San Isidro (Buenos Aires),,,,,,
AR+AC0-B763,San Nicolas (Buenos Aires),San Nicol+//3//Q-s (Buenos Aires),San Nicol+//3//Q-s (Buenos Aires),,,,
AR+AC0-B770,San Pedro (Buenos Aires),,,,,,
AR+AC0-B778,San Vicente (Buenos Aires),,,,,,
AR+AC0-B784,Suipacha (Buenos Aires),,,,,,
AR+AC0-B791,Tandil (Buenos Aires),,,,,,
AR+AC0-B798,Tapalque (Buenos Aires),Tapalqu+//3//Q- (Buenos Aires),Tapalqu+//3//Q- (Buenos Aires),,,,
AR+AC0-B805,Tigre (Buenos Aires),,,,,,
AR+AC0-B819,Tornquist (Buenos Aires),,,,,,
AR+AC0-B826,Trenque Lauquen (Buenos Aires),,,,,,
AR+AC0-B812,Tordillo (Buenos Aires),,,,,,
AR+AC0-B833,Tres Arroyos (Buenos Aires),,,,,,
AR+AC0-B840,Tres De Febrero (Buenos Aires),Tres de Febrero (Buenos Aires),Tres de Febrero (Buenos Aires),,,,
AR+AC0-B420,La Costa (Buenos Aires),,,,,,
AR+AC0-B553,Monte Hermoso (Buenos Aires),,,,,,
AR+AC0-B854,25 De Mayo (Buenos Aires),,,,,,
AR+AC0-B861,Vicente Lopez (Buenos Aires),Vicente L+//3//Q-pez (Buenos Aires),Vicente L+//3//Q-pez (Buenos Aires),,,,
AR+AC0-B868,Villa Gesell (Buenos Aires),,,,,,
AR+AC0-B875,Villarino (Buenos Aires),,,,,,
AR+AC0-B882,Zarate (Buenos Aires),Z+//3//Q-rate (Buenos Aires),Z+//3//Q-rate (Buenos Aires),,,,
AR+AC0-B847,Tres Lomas (Buenos Aires),,,,,,
AR+AC0-B277,Florentino Ameghino (Buenos Aires),,,,,,
AR+AC0-B648,Presidente Peron (Buenos Aires),Presidente Per+//3//Q-n (Buenos Aires),Presidente Per+//3//Q-n (Buenos Aires),,,,
AR+AC0-B412,Jose C. Paz (Buenos Aires),Jos+//3//Q- C. Paz (Buenos Aires),Jos+//3//Q- C. Paz (Buenos Aires),,,,
AR+AC0-B515,Malvinas Argentinas (Buenos Aires),,,,,,
AR+AC0-B655,Punta Indio (Buenos Aires),,,,,,
AR+AC0-B270,Ezeiza (Buenos Aires),,,,,,
AR+AC0-B410,Ituzaingo (Buenos Aires),Ituzainig+//3//Q- (Buenos Aires),Ituzainig+//3//Q- (Buenos Aires),,,,
AR+AC0-B408,Hurlingham (Buenos Aires),,,,,,
AR+AC0-B466,Lezama (Buenos Aires),,,,,,
AR+AC0-K049,Capital (Catamarca),,,,,,
AR+AC0-K042,Capayan (Catamarca),Capay+//3//Q-n (Catamarca),Capay+//3//Q-n (Catamarca),,,,
AR+AC0-K070,La Paz (Catamarca),,,,,,
AR+AC0-K014,Ancasti (Catamarca),,,,,,
AR+AC0-K056,El Alto (Catamarca),,,,,,
AR+AC0-K098,Santa Rosa (Catamarca),,,,,,
AR+AC0-K077,Paclin (Catamarca),Pacl+//3//Q-n (Catamarca),Pacl+//3//Q-n (Catamarca),,,,
AR+AC0-K112,Valle Viejo (Catamarca),,,,,,
AR+AC0-K063,Fray Mamerto Esquiu (Catamarca),Fray Mamerto Esqui+//3//Q- (Catamarca),Fray Mamerto Esqui+//3//Q- (Catamarca),,,,
AR+AC0-K007,Ambato (Catamarca),,,,,,
AR+AC0-K084,Poman (Catamarca),Pom+//3//Q-n (Catamarca),Pom+//3//Q-n (Catamarca),,,,
AR+AC0-K021,Andalgala (Catamarca),Andalgal+//3//Q- (Catamarca),Andalgal+//3//Q- (Catamarca),,,,
AR+AC0-K035,Belen (Catamarca),Bel+//3//Q-n (Catamarca),Bel+//3//Q-n (Catamarca),,,,
AR+AC0-K028,Antofagasta De La Sierra (Catamarca),Antofagasta de la Sierra (Catamarca),Antofagasta de la Sierra (Catamarca),,,,
AR+AC0-K105,Tinogasta (Catamarca),,,,,,
AR+AC0-K091,Santa Maria (Catamarca),Santa Mar+//3//Q-a (Catamarca),Santa Mar+//3//Q-a (Catamarca),,,,
AR+AC0-X014,Capital (Cordoba),Capital (C+//3//Q-rdoba),Capital (C+//3//Q-rdoba),,,,
AR+AC0-X007,Calamuchita (Cordoba),Calamuchita (C+//3//Q-rdoba),Calamuchita (C+//3//Q-rdoba),,,,
AR+AC0-X021,Colon (Cordoba),Col+//3//Q-n (C+//3//Q-rdoba),Col+//3//Q-n (C+//3//Q-rdoba),,,,
AR+AC0-X028,Cruz Del Eje (Cordoba),Cruz del Eje (C+//3//Q-rdoba),Cruz del Eje (C+//3//Q-rdoba),,,,
AR+AC0-X035,General Roca (Cordoba),Gral. Roca (C+//3//Q-rdoba),Gral. Roca (C+//3//Q-rdoba),,,,
AR+AC0-X042,General San Martin (Cordoba),Gral. San Mart+//3//Q-n (C+//3//Q-rdoba),Gral. San Mart+//3//Q-n (C+//3//Q-rdoba),,,,
AR+AC0-X049,Ischilin (Cordoba),Ischil+//3//Q-n (C+//3//Q-rdoba),Ischil+//3//Q-n (C+//3//Q-rdoba),,,,
AR+AC0-X056,Juarez Celman (Cordoba),Ju+//3//Q-rez Celman (C+//3//Q-rdoba),Ju+//3//Q-rez Celman (C+//3//Q-rdoba),,,,
AR+AC0-X063,Marcos Juarez (Cordoba),Marcos Ju+//3//Q-rez (C+//3//Q-rdoba),Marcos Ju+//3//Q-rez (C+//3//Q-rdoba),,,,
AR+AC0-X070,Minas (Cordoba),Minas (C+//3//Q-rdoba),Minas (C+//3//Q-rdoba),,,,
AR+AC0-X077,Pocho (Cordoba),Pocho (C+//3//Q-rdoba),Pocho (C+//3//Q-rdoba),,,,
AR+AC0-X091,Punilla (Cordoba),Punilla (C+//3//Q-rdoba),Punilla (C+//3//Q-rdoba),,,,
AR+AC0-X098,Rio Cuarto (Cordoba),R+//3//Q-o Cuarto (C+//3//Q-rdoba),R+//3//Q-o Cuarto (C+//3//Q-rdoba),,,,
AR+AC0-X105,Rio Primero (Cordoba),R+//3//Q-o Primero (C+//3//Q-rdoba),R+//3//Q-o Primero (C+//3//Q-rdoba),,,,
AR+AC0-X112,Rio Seco (Cordoba),R+//3//Q-o Seco (C+//3//Q-rdoba),R+//3//Q-o Seco (C+//3//Q-rdoba),,,,
AR+AC0-X119,Rio Segundo (Cordoba),R+//3//Q-o Segundo (C+//3//Q-rdoba),R+//3//Q-o Segundo (C+//3//Q-rdoba),,,,
AR+AC0-X084,Presidente Roque Saenz Pe+//3//Q-a (Cordoba),Pte. Roque S+//3//Q-enz Pe+//3//Q-a (C+//3//Q-rdoba),Pte. Roque S+//3//Q-enz Pe+//3//Q-a (C+//3//Q-rdoba),,,,
AR+AC0-X126,San Alberto (Cordoba),San Alberto (C+//3//Q-rdoba),San Alberto (C+//3//Q-rdoba),,,,
AR+AC0-X133,San Javier (Cordoba),San Javier (C+//3//Q-rdoba),San Javier (C+//3//Q-rdoba),,,,
AR+AC0-X140,San Justo (Cordoba),San Justo (C+//3//Q-rdoba),San Justo (C+//3//Q-rdoba),,,,
AR+AC0-X147,Santa Maria (Cordoba),Santa Maria (C+//3//Q-rdoba),Santa Maria (C+//3//Q-rdoba),,,,
AR+AC0-X154,Sobremonte (Cordoba),Sobremonte (C+//3//Q-rdoba),Sobremonte (C+//3//Q-rdoba),,,,
AR+AC0-X161,Tercero Arriba (Cordoba),Tercero Arriba (C+//3//Q-rdoba),Tercero Arriba (C+//3//Q-rdoba),,,,
AR+AC0-X168,Totoral (Cordoba),Totoral (C+//3//Q-rdoba),Totoral (C+//3//Q-rdoba),,,,
AR+AC0-X175,Tulumba (Cordoba),Tulumba (C+//3//Q-rdoba),Tulumba (C+//3//Q-rdoba),,,,
AR+AC0-X182,Union (Cordoba),Union (C+//3//Q-rdoba),Union (C+//3//Q-rdoba),,,,
AR+AC0-W021,Capital (Corrientes),,,,,,
AR+AC0-W070,Goya (Corrientes),,,,,,
AR+AC0-W035,Curuzu Cuatia (Corrientes),Curuz+//3//Q- Cuati+//3//Q- (Corrientes),Curuz+//3//Q- Cuati+//3//Q- (Corrientes),,,,
AR+AC0-W105,Mercedes (Corrientes),,,,,,
AR+AC0-W049,Esquina (Corrientes),,,,,,
AR+AC0-W091,Lavalle (Corrientes),,,,,,
AR+AC0-W168,Santo Tome (Corrientes),Santo Tom+//3//Q- (Corrientes),Santo Tom+//3//Q- (Corrientes),,,,
AR+AC0-W119,Paso De Los Libres (Corrientes),Paso de los Libres (Corrientes),Paso de los Libres (Corrientes),,,,
AR+AC0-W112,Monte Caseros (Corrientes),,,,,,
AR+AC0-W140,San Luis Del Palmar (Corrientes),San Luis del Palmar (Corrientes),San Luis del Palmar (Corrientes),,,,
AR+AC0-W007,Bella Vista (Corrientes),,,,,,
AR+AC0-W042,Empedrado (Corrientes),,,,,,
AR+AC0-W161,San Roque (Corrientes),,,,,,
AR+AC0-W063,General Paz (Corrientes),Gral. Paz (Corrientes),Gral. Paz (Corrientes),,,,
AR+AC0-W126,Saladas (Corrientes),,,,,,
AR+AC0-W147,San Martin (Corrientes),San Mart+//3//Q-n (Corrientes),San Mart+//3//Q-n (Corrientes),,,,
AR+AC0-W028,Concepcion (Corrientes),Concepci+//3//Q-n (Corrientes),Concepci+//3//Q-n (Corrientes),,,,
AR+AC0-W098,Mburucuya (Corrientes),Mburucuy+//3//Q- (Corrientes),Mburucuy+//3//Q- (Corrientes),,,,
AR+AC0-W084,Ituzaingo (Corrientes),Ituzaing+//3//Q- (Corrientes),Ituzaing+//3//Q- (Corrientes),,,,
AR+AC0-W175,Sauce (Corrientes),,,,,,
AR+AC0-W133,San Cosme (Corrientes),,,,,,
AR+AC0-W056,General Alvear (Corrientes),Gral. Alvear (Corrientes),Gral. Alvear (Corrientes),,,,
AR+AC0-W154,San Miguel (Corrientes),,,,,,
AR+AC0-W077,Itati (Corrientes),Itat+//3//Q- (Corrientes),Itat+//3//Q- (Corrientes),,,,
AR+AC0-W014,Beron De Astrada (Corrientes),Ber+//3//Q-n de Astrada (Corrientes),Ber+//3//Q-n de Astrada (Corrientes),,,,
AR+AC0-H140,San Fernando (Chaco),,,,,,
AR+AC0-H126,1+//3//Q- De Mayo (Chaco),,,,,,
AR+AC0-H077,Libertad (Chaco),,,,,,
AR+AC0-H056,General Donovan (Chaco),Gral. Donovan (Chaco),Gral. Donovan (Chaco),,,,
AR+AC0-H154,Sargento Cabral (Chaco),,,,,,
AR+AC0-H119,Presidencia De La Plaza (Chaco),Presidencia de la Plaza (Chaco),Presidencia de la Plaza (Chaco),,,,
AR+AC0-H014,Bermejo (Chaco),,,,,,
AR+AC0-H084,Libertador General San Martin (Chaco),Libertador Gral. San Mart+//3//Q-n (Chaco),Libertador Gral. San Mart+//3//Q-n (Chaco),,,,
AR+AC0-H161,Tapenaga (Chaco),,,,,,
AR+AC0-H147,San Lorenzo (Chaco),,,,,,
AR+AC0-H098,Mayor Luis J. Fontana (Chaco),,,,,,
AR+AC0-H112,O'higgins (Chaco),O'Higgins (Chaco),O'Higgins (Chaco),,,,
AR+AC0-H021,Comandante Fernandez (Chaco),Comandante Fern+//3//Q-ndez (Chaco),Comandante Fern+//3//Q-ndez (Chaco),,,,
AR+AC0-H133,Quitilipi (Chaco),,,,,,
AR+AC0-H168,25 De Mayo (Chaco),25 de Mayo (Chaco),25 de Mayo (Chaco),,,,
AR+AC0-H091,Maipu (Chaco),Maip+//3//Q- (Chaco),Maip+//3//Q- (Chaco),,,,
AR+AC0-H070,Independencia (Chaco),,,,,,
AR+AC0-H049,General Belgrano (Chaco),Gral. Belgrano (Chaco),Gral. Belgrano (Chaco),,,,
AR+AC0-H105,9 De Julio (Chaco),9 de Julio (Chaco),9 de Julio (Chaco),,,,
AR+AC0-H028,Chacabuco (Chaco),,,,,,
AR+AC0-H036,12 De Octubre (Chaco),12 de Octubre (Chaco),12 de Octubre (Chaco),,,,
AR+AC0-H039,2 De Abril (Chaco),2 de Abril (Chaco),2 de Abril (Chaco),,,,
AR+AC0-H043,Fray Justo Santa Maria De Oro (Chaco),Fray Justo S. M. de Oro (Chaco),Fray Justo S. M. de Oro (Chaco),,,,
AR+AC0-H007,Almirante Brown (Chaco),Alte. Brown (Chaco),Alte. Brown (Chaco),,,,
AR+AC0-H063,General G+//3//Q-emes (Chaco),Gral. G+//3//Q-emes (Chaco),Gral. G+//3//Q-emes (Chaco),,,,
AR+AC0-U077,Rawson (Chubut),,,,,,
AR+AC0-U007,Biedma (Chubut),,,,,,
AR+AC0-U105,Telsen (Chubut),,,,,,
AR+AC0-U049,Gastre (Chubut),,,,,,
AR+AC0-U014,Cushamen (Chubut),,,,,,
AR+AC0-U035,Futaleufu (Chubut),Futaleuf+//3//Q- (Chubut),Futaleuf+//3//Q- (Chubut),,,,
AR+AC0-U056,Langui+//3//Q-eo (Chubut),,,,,,
AR+AC0-U098,Tehuelches (Chubut),,,,,,
AR+AC0-U070,Paso De Los Indios (Chubut),Paso de los Indios (Chubut),Paso de los Indios (Chubut),,,,
AR+AC0-U063,Martires (Chubut),M+//3//Q-rtires (Chubut),M+//3//Q-rtires (Chubut),,,,
AR+AC0-U028,Florentino Ameghino (Chubut),,,,,,
AR+AC0-U042,Gaiman (Chubut),,,,,,
AR+AC0-U084,Rio Senguer (Chubut),R+//3//Q-o Senguer (Chubut),v,,,,
AR+AC0-U091,Sarmiento (Chubut),,,,,,
AR+AC0-U021,Escalante (Chubut),,,,,,
AR+AC0-E084,Parana (Entre Rios),Paran+//3//Q- (Entre R+//3//Q-os),Paran+//3//Q- (Entre R+//3//Q-os),,,,
AR+AC0-E070,La Paz (Entre Rios),La Paz (Entre R+//3//Q-os),La Paz (Entre R+//3//Q-os),,,,
AR+AC0-E021,Diamante (Entre Rios),Diamante (Entre R+//3//Q-os),Diamante (Entre R+//3//Q-os),,,,
AR+AC0-E105,Victoria (Entre Rios),Victoria (Entre R+//3//Q-os),Victoria (Entre R+//3//Q-os),,,,
AR+AC0-E077,Nogoya (Entre Rios),Nogoy+//3//Q- (Entre R+//3//Q-os),Nogoy+//3//Q- (Entre R+//3//Q-os),,,,
AR+AC0-E049,Gualeguay (Entre Rios),Gualeguay (Entre R+//3//Q-os),Gualeguay (Entre R+//3//Q-os),,,,
AR+AC0-E091,Tala (Entre Rios),Tala (Entre R+//3//Q-os),Tala (Entre R+//3//Q-os),,,,
AR+AC0-E098,Uruguay (Entre Rios),Uruguay (Entre R+//3//Q-os),Uruguay (Entre R+//3//Q-os),,,,
AR+AC0-E056,Gualeguaychu (Entre Rios),Gualeguaych+//3//Q- (Entre R+//3//Q-os),Gualeguaych+//3//Q- (Entre R+//3//Q-os),,,,
AR+AC0-E063,Islas Del Ibicuy (Entre Rios),Islas del Ibicuy (Entre R+//3//Q-os),Islas del Ibicuy (Entre R+//3//Q-os),,,,
AR+AC0-E113,Villaguay (Entre Rios),Villaguay (Entre R+//3//Q-os),Villaguay (Entre R+//3//Q-os),,,,
AR+AC0-E015,Concordia (Entre Rios),Concordia (Entre R+//3//Q-os),Concordia (Entre R+//3//Q-os),,,,
AR+AC0-E035,Federal (Entre Rios),Federal (Entre R+//3//Q-os),Federal (Entre R+//3//Q-os),,,,
AR+AC0-E008,Colon (Entre Rios),Col+//3//Q-n (Entre R+//3//Q-os),Col+//3//Q-n (Entre R+//3//Q-os),,,,
AR+AC0-E042,Feliciano (Entre Rios),Feliciano (Entre R+//3//Q-os),Feliciano (Entre R+//3//Q-os),,,,
AR+AC0-E028,Federacion (Entre Rios),Federaci+//3//Q-n (Entre R+//3//Q-os),Federaci+//3//Q-n (Entre R+//3//Q-os),,,,
AR+AC0-E088,San Salvador (Entre Rios),San Salvador (Entre R+//3//Q-os),San Salvador (Entre R+//3//Q-os),,,,
AR+AC0-P014,Formosa (Formosa),,,,,,
AR+AC0-P021,Laishi (Formosa),,,,,,
AR+AC0-P049,Pilcomayo (Formosa),,,,,,
AR+AC0-P056,Pirane (Formosa),Piran+//3//Q- (Formosa),Piran+//3//Q- (Formosa),,,,
AR+AC0-P042,Pilagas (Formosa),Pilag+//3//Q-s (Formosa),Pilag+//3//Q-s (Formosa),,,,
AR+AC0-P035,Pati+//3//Q-o (Formosa),,,,,,
AR+AC0-P007,Bermejo (Formosa),,,,,,
AR+AC0-P028,Matacos (Formosa),,,,,,
AR+AC0-P063,Ramon Lista (Formosa),Ram+//3//Q-n Lista (Formosa),Ram+//3//Q-n Lista (Formosa),,,,
AR+AC0-Y021,Dr. Manuel Belgrano (Jujuy),,,,,,
AR+AC0-Y042,Palpala (Jujuy),Palpal+//3//Q- (Jujuy),Palpal+//3//Q- (Jujuy),,,,
AR+AC0-Y056,San Antonio (Jujuy),,,,,,
AR+AC0-Y014,El Carmen (Jujuy),,,,,,
AR+AC0-Y063,San Pedro (Jujuy),,,,,,
AR+AC0-Y070,Santa Barbara (Jujuy),Santa B+//3//Q-rbara (Jujuy),Santa B+//3//Q-rbara (Jujuy),,,,
AR+AC0-Y035,Ledesma (Jujuy),,,,,,
AR+AC0-Y105,Valle Grande (Jujuy),,,,,,
AR+AC0-Y098,Tumbaya (Jujuy),,,,,,
AR+AC0-Y094,Tilcara (Jujuy),,,,,,
AR+AC0-Y028,Humahuaca (Jujuy),,,,,,
AR+AC0-Y007,Cochinoca (Jujuy),,,,,,
AR+AC0-Y049,Rinconada (Jujuy),,,,,,
AR+AC0-Y077,Santa Catalina (Jujuy),,,,,,
AR+AC0-Y112,Yavi (Jujuy),,,,,,
AR+AC0-Y084,Susques (Jujuy),,,,,,
AR+AC0-L007,Atreuco (La Pampa),Atreuc+//3//Q- (La Pampa),Atreuc+//3//Q- (La Pampa),,,,
AR+AC0-L021,Capital (La Pampa),,,,,,
AR+AC0-L014,Caleu Caleu (La Pampa),,,,,,
AR+AC0-L028,Catrilo (La Pampa),Catril+//3//Q- (La Pampa),Catril+//3//Q- (La Pampa),,,,
AR+AC0-L049,Chalileo (La Pampa),,,,,,
AR+AC0-L056,Chapaleufu (La Pampa),Chapaleuf+//3//Q- (La Pampa),Chapaleuf+//3//Q- (La Pampa),,,,
AR+AC0-L063,Chical Co (La Pampa),,,,,,
AR+AC0-L035,Conhelo (La Pampa),,,,,,
AR+AC0-L042,Curaco (La Pampa),Curac+//3//Q- (La Pampa),Curac+//3//Q- (La Pampa),,,,
AR+AC0-L070,Guatrache (La Pampa),Guatrach+//3//Q- (La Pampa),Guatrach+//3//Q- (La Pampa),,,,
AR+AC0-L077,Hucal (La Pampa),,,,,,
AR+AC0-L098,Loventue (La Pampa),Loventu+//3//Q- (La Pampa),Loventu+//3//Q- (La Pampa),,,,
AR+AC0-L084,Lihuel Calel (La Pampa),,,,,,
AR+AC0-L091,Limay Mahuida (La Pampa),,,,,,
AR+AC0-L105,Maraco (La Pampa),Marac+//3//Q- (La Pampa),Marac+//3//Q- (La Pampa),,,,
AR+AC0-L112,Puelen (La Pampa),Puel+//3//Q-n (La Pampa),Puel+//3//Q-n (La Pampa),,,,
AR+AC0-L119,Quemu Quemu (La Pampa),Quem+//3//Q- Quem+//3//Q- (La Pampa),Quem+//3//Q- Quem+//3//Q- (La Pampa),,,,
AR+AC0-L126,Rancul (La Pampa),,,,,,
AR+AC0-L133,Realico (La Pampa),Realic+//3//Q- (La Pampa),Realic+//3//Q- (La Pampa),,,,
AR+AC0-L140,Toay (La Pampa),,,,,,
AR+AC0-L147,Trenel (La Pampa),,,,,,
AR+AC0-L154,Utracan (La Pampa),Utrac+//3//Q-n (La Pampa),Utrac+//3//Q-n (La Pampa),,,,
AR+AC0-F014,Capital (La Rioja),,,,,,
AR+AC0-F126,Sanagasta (La Rioja),,,,,,
AR+AC0-F021,Castro Barros (La Rioja),,,,,,
AR+AC0-F007,Arauco (La Rioja),,,,,,
AR+AC0-F119,San Blas De Los Sauces (La Rioja),San Blas de los Sauces (La Rioja),San Blas de los Sauces (La Rioja),,,,
AR+AC0-F042,Chilecito (La Rioja),,,,,,
AR+AC0-F049,Famatina (La Rioja),,,,,,
AR+AC0-F028,Coronel Felipe Varela (La Rioja),Cnel. Felipe Varela (La Rioja),Cnel. Felipe Varela (La Rioja),,,,
AR+AC0-F077,General Lamadrid (La Rioja),,,,,,
AR+AC0-F098,Vinchina (La Rioja),,,,,,
AR+AC0-F105,Independencia (La Rioja),,,,,,
AR+AC0-F035,Chamical (La Rioja),,,,,,
AR+AC0-F056,General Angel V. Pe+//3//Q-aloza (La Rioja),Gral. Angel V. Pe+//3//Q-aloza (La Rioja),Gral. Angel V. Pe+//3//Q-aloza (La Rioja),,,,
AR+AC0-F063,General Belgrano (La Rioja),Gral. Belgrano (La Rioja),Gral. Belgrano (La Rioja),,,,
AR+AC0-F070,General Juan F.quiroga (La Rioja),Gral. Juan F. Quiroga (La Rioja),Gral. Juan F. Quiroga (La Rioja),,,,
AR+AC0-F084,General Ocampo (La Rioja),Gral. Ocampo (La Rioja),Gral. Ocampo (La Rioja),,,,
AR+AC0-F112,Rosario Vera Pe+//3//Q-aloza (La Rioja),,,,,,
AR+AC0-F091,General San Martin (La Rioja),Gral. San Mart+//3//Q-n (La Rioja),Gral. San Mart+//3//Q-n (La Rioja),,,,
AR+AC0-M007,Capital (Mendoza),,,,,,
AR+AC0-M021,Godoy Cruz (Mendoza),,,,,,
AR+AC0-M028,Guaymallen (Mendoza),Guaymall+//3//Q-n (Mendoza),Guaymall+//3//Q-n (Mendoza),,,,
AR+AC0-M049,Las Heras (Mendoza),,,,,,
AR+AC0-M056,Lavalle (Mendoza),,,,,,
AR+AC0-M070,Maipu (Mendoza),Maip+//3//Q- (Mendoza),Maip+//3//Q- (Mendoza),,,,
AR+AC0-M063,Lujan De Cuyo (Mendoza),Luj+//3//Q-n de Cuyo (Mendoza),Luj+//3//Q-n de Cuyo (Mendoza),,,,
AR+AC0-M126,Tupungato (Mendoza),,,,,,
AR+AC0-M098,San Martin (Mendoza),San Mart+//3//Q-n (Mendoza),San Mart+//3//Q-n (Mendoza),,,,
AR+AC0-M035,Junin (Mendoza),Jun+//3//Q-n (Mendoza),Jun+//3//Q-n (Mendoza),,,,
AR+AC0-M084,Rivadavia (Mendoza),,,,,,
AR+AC0-M119,Tunuyan (Mendoza),Tunuy+//3//Q-n (Mendoza),Tunuy+//3//Q-n (Mendoza),,,,
AR+AC0-M091,San Carlos (Mendoza),,,,,,
AR+AC0-M112,Santa Rosa (Mendoza),,,,,,
AR+AC0-M042,La Paz (Mendoza),,,,,,
AR+AC0-M105,San Rafael (Mendoza),,,,,,
AR+AC0-M077,Malarg+//3//Q-e (Mendoza),,,,,,
AR+AC0-M014,General Alvear (Mendoza),Gral. Alvear (Mendoza),Gral. Alvear (Mendoza),,,,
AR+AC0-N028,Capital (Misiones),,,,,,
AR+AC0-N007,Apostoles (Misiones),Ap+//3//Q-stoles (Misiones),Ap+//3//Q-stoles (Misiones),,,,
AR+AC0-N021,Candelaria (Misiones),,,,,,
AR+AC0-N070,Leandro N. Alem (Misiones),,,,,,
AR+AC0-N035,Concepcion (Misiones),,,,,,
AR+AC0-N105,San Javier (Misiones),,,,,,
AR+AC0-N098,San Ignacio (Misiones),,,,,,
AR+AC0-N091,Obera (Misiones),Ober+//3//Q- (Misiones),Ober+//3//Q- (Misiones),,,,
AR+AC0-N077,Libertador General San Martin (Misiones),Libertador Gral. San Mart+//3//Q-n (Misiones),Libertador Gral. San Mart+//3//Q-n (Misiones),,,,
AR+AC0-N014,Cainguas (Misiones),Caingu+//3//Q-s (Misiones),Caingu+//3//Q-s (Misiones),,,,
AR+AC0-N119,25 De Mayo (Misiones),25 de Mayo (Misiones),25 de Mayo (Misiones),,,,
AR+AC0-N084,Montecarlo (Misiones),,,,,,
AR+AC0-N056,Guarani (Misiones),Guaran+//3//Q- (Misiones),Guaran+//3//Q- (Misiones),,,,
AR+AC0-N042,El Dorado (Misiones),,,,,,
AR+AC0-N112,San Pedro (Misiones),,,,,,
AR+AC0-N063,Iguazu (Misiones),Iguaz+//3//Q- (Misiones),Iguaz+//3//Q- (Misiones),,,,
AR+AC0-N049,General Manuel Belgrano (Misiones),Gral. Manuel Belgrano (Misiones),Gral. Manuel Belgrano (Misiones),,,,
AR+AC0-Q035,Confluencia (Neuquen),Confluencia (Neuqu+//3//Q-n),Confluencia (Neuqu+//3//Q-n),,,,
AR+AC0-Q112,Zapala (Neuquen),Zapala (Neuqu+//3//Q-n),Zapala (Neuqu+//3//Q-n),,,,
AR+AC0-Q014,A+//3//Q-elo (Neuquen),A+//3//Q-elo (Neuqu+//3//Q-n),A+//3//Q-elo (Neuqu+//3//Q-n),,,,
AR+AC0-Q091,Pehuenches (Neuquen),Pehuenches (Neuqu+//3//Q-n),Pehuenches (Neuqu+//3//Q-n),,,,
AR+AC0-Q042,Chos Malal (Neuquen),Chos Malal (Neuqu+//3//Q-n),Chos Malal (Neuqu+//3//Q-n),,,,
AR+AC0-Q077,Minas (Neuquen),Minas (Neuqu+//3//Q-n),Minas (Neuqu+//3//Q-n),,,,
AR+AC0-Q084,+//3//Q-orquin (Neuquen),+//3//Q-orqu+//3//Q-n (Neuqu+//3//Q-n),+//3//Q-orqu+//3//Q-n (Neuqu+//3//Q-n),,,,
AR+AC0-Q063,Loncopue (Neuquen),Loncopu+//3//Q- (Neuqu+//3//Q-n),Loncopu+//3//Q- (Neuqu+//3//Q-n),,,,
AR+AC0-Q105,Picunches (Neuquen),Picunches (Neuqu+//3//Q-n),Picunches (Neuqu+//3//Q-n),,,,
AR+AC0-Q007,Alumine (Neuquen),Alumin+//3//Q- (Neuqu+//3//Q-n),Alumin+//3//Q- (Neuqu+//3//Q-n),,,,
AR+AC0-Q021,Catan Lil (Neuquen),Catan Lil (Neuqu+//3//Q-n),Catan Lil (Neuqu+//3//Q-n),,,,
AR+AC0-Q098,Picun Leufu (Neuquen),Pic+//3//Q-n Leuf+//3//Q- (Neuqu+//3//Q-n),Pic+//3//Q-n Leuf+//3//Q- (Neuqu+//3//Q-n),,,,
AR+AC0-Q028,Collon Cura (Neuquen),Collon Cur+//3//Q- (Neuqu+//3//Q-n),Collon Cur+//3//Q- (Neuqu+//3//Q-n),,,,
AR+AC0-Q049,Huiliches (Neuquen),Huiliches (Neuqu+//3//Q-n),Huiliches (Neuqu+//3//Q-n),,,,
AR+AC0-Q056,Lacar (Neuquen),L+//3//Q-car (Neuqu+//3//Q-n),L+//3//Q-car (Neuqu+//3//Q-n),,,,
AR+AC0-Q070,Los Lagos (Neuquen),Los Lagos (Neuqu+//3//Q-n),Los Lagos (Neuqu+//3//Q-n),,,,
AR+AC0-R007,Adolfo Alsina (Rio Negro),Adolfo Alsina (R+//3//Q-o Negro),Adolfo Alsina (R+//3//Q-o Negro),,,,
AR+AC0-R028,Conesa (Rio Negro),Conesa (R+//3//Q-o Negro),Conesa (R+//3//Q-o Negro),,,,
AR+AC0-R077,San Antonio (Rio Negro),San Antonio (R+//3//Q-o Negro),San Antonio (R+//3//Q-o Negro),,,,
AR+AC0-R084,Valcheta (Rio Negro),Valcheta (R+//3//Q-o Negro),Valcheta (R+//3//Q-o Negro),,,,
AR+AC0-R049,9 De Julio (Rio Negro),9 de Julio (R+//3//Q-o Negro),9 de Julio (R+//3//Q-o Negro),,,,
AR+AC0-R091,25 De Mayo (Rio Negro),25 de Mayo (R+//3//Q-o Negro),25 de Mayo (R+//3//Q-o Negro),,,,
AR+AC0-R056,+//3//Q-orquinco (Rio Negro),+//3//Q-orquinco (R+//3//Q-o Negro),+//3//Q-orquinco (R+//3//Q-o Negro),,,,
AR+AC0-R070,Pilcaniyeu (Rio Negro),Pilcaniyeu (R+//3//Q-o Negro),Pilcaniyeu (R+//3//Q-o Negro),,,,
AR+AC0-R021,Bariloche (Rio Negro),Bariloche (R+//3//Q-o Negro),Bariloche (R+//3//Q-o Negro),,,,
AR+AC0-R063,Pichi Mahuida (Rio Negro),Pichi Mahuida (R+//3//Q-o Negro),Pichi Mahuida (R+//3//Q-o Negro),,,,
AR+AC0-R014,Avellaneda (Rio Negro),Avellaneda (R+//3//Q-o Negro),Avellaneda (R+//3//Q-o Negro),,,,
AR+AC0-R042,General Roca (Rio Negro),Gral. Roca (R+//3//Q-o Negro),Gral. Roca (R+//3//Q-o Negro),,,,
AR+AC0-R035,El Cuy (Rio Negro),El Cuy (R+//3//Q-o Negro),El Cuy (R+//3//Q-o Negro),,,,
AR+AC0-A028,Capital (Salta),,,,,,
AR+AC0-A077,La Caldera (Salta),,,,,,
AR+AC0-A049,General G+//3//Q-emes (Salta),Gral. G+//3//Q-emes (Salta),Gral. G+//3//Q-emes (Salta),,,,
AR+AC0-A112,Metan (Salta),Met+//3//Q-n (Salta),Met+//3//Q-n (Salta),,,,
AR+AC0-A007,Anta (Salta),,,,,,
AR+AC0-A133,Rivadavia (Salta),,,,,,
AR+AC0-A126,Oran (Salta),Or+//3//Q-n (Salta),Or+//3//Q-n (Salta),,,,
AR+AC0-A056,General Jose De San Martin (Salta),Gral. Jose de San Mart+//3//Q-n (Salta),Gral. Jose de San Mart+//3//Q-n (Salta),,,,
AR+AC0-A070,Iruya (Salta),,,,,,
AR+AC0-A161,Santa Victoria (Salta),,,,,,
AR+AC0-A035,Cerrillos (Salta),,,,,,
AR+AC0-A042,Chicoana (Salta),,,,,,
AR+AC0-A098,La Vi+//3//Q-a (Salta),,,,,,
AR+AC0-A063,Guachipas (Salta),,,,,,
AR+AC0-A140,Rosario De La Frontera (Salta),Rosario de la Frontera (Salta),Rosario de la Frontera (Salta),,,,
AR+AC0-A084,La Candelaria (Salta),,,,,,
AR+AC0-A021,Cafayate (Salta),,,,,,
AR+AC0-A154,San Carlos (Salta),,,,,,
AR+AC0-A119,Molinos (Salta),,,,,,
AR+AC0-A014,Cachi (Salta),,,,,,
AR+AC0-A147,Rosario De Lerma (Salta),Rosario de Lerma (Salta),Rosario de Lerma (Salta),,,,
AR+AC0-A091,La Poma (Salta),,,,,,
AR+AC0-A105,Los Andes (Salta),,,,,,
AR+AC0-J028,Capital (San Juan),,,,,,
AR+AC0-J098,Santa Lucia (San Juan),Santa Luc+//3//Q-a (San Juan),Santa Luc+//3//Q-a (San Juan),,,,
AR+AC0-J042,Chimbas (San Juan),,,,,,
AR+AC0-J084,Rivadavia (San Juan),,,,,,
AR+AC0-J133,Zonda (San Juan),,,,,,
AR+AC0-J077,Rawson (San Juan),,,,,,
AR+AC0-J434,9 De Julio (San Juan),9 de Julio (San Juan),9 de Julio (San Juan),,,,
AR+AC0-J091,San Martin (San Juan),San Mart+//3//Q-n (San Juan),San Mart+//3//Q-n (San Juan),,,,
AR+AC0-J014,Angaco (San Juan),,,,,,
AR+AC0-J007,Albardon (San Juan),Albard+//3//Q-n (San Juan),Albard+//3//Q-n (San Juan),,,,
AR+AC0-J112,Ullum (San Juan),,,,,,
AR+AC0-J070,Pocito (San Juan),,,,,,
AR+AC0-J105,Sarmiento (San Juan),,,,,,
AR+AC0-J126,25 De Mayo (San Juan),25 de Mayo (San Juan),25 de Mayo (San Juan),,,,
AR+AC0-J035,Caucete (San Juan),,,,,,
AR+AC0-J119,Valle Fertil (San Juan),Valle F+//3//Q-rtil (San Juan),Valle F+//3//Q-rtil (San Juan),,,,
AR+AC0-J056,Jachal (San Juan),J+//3//Q-chal (San Juan),J+//3//Q-chal (San Juan),,,,
AR+AC0-J049,Iglesia (San Juan),,,,,,
AR+AC0-J021,Calingasta (San Juan),,,,,,
AR+AC0-D056,La Capital (San Luis),,,,,,
AR+AC0-D021,Coronel Pringles (San Luis),,,,,,
AR+AC0-D035,General Pedernera (San Luis),Gral. Pedernera (San Luis),Gral. Pedernera (San Luis),,,,
AR+AC0-D028,Chacabuco (San Luis),,,,,,
AR+AC0-D063,Libertador General San Martin (San Luis),Libertador Gral. San Mart+//3//Q-n (San Luis),Libertador Gral. San Mart+//3//Q-n (San Luis),,,,
AR+AC0-D049,Junin (San Luis),Jun+//3//Q-n (San Luis),Jun+//3//Q-n (San Luis),,,,
AR+AC0-D007,Ayacucho (San Luis),,,,,,
AR+AC0-D014,Belgrano (San Luis),,,,,,
AR+AC0-D042,Gobernador Dupuy (San Luis),,,,,,
AR+AC0-Z014,Deseado (Santa Cruz),,,,,,
AR+AC0-Z035,Lago Buenos Aires (Santa Cruz),,,,,,
AR+AC0-Z042,Magallanes (Santa Cruz),,,,,,
AR+AC0-Z049,Rio Chico (Santa Cruz),R+//3//Q-o Chico (Santa Cruz),R+//3//Q-o Chico (Santa Cruz),,,,
AR+AC0-Z007,Corpen Aike (Santa Cruz),,,,,,
AR+AC0-Z028,Lago Argentino (Santa Cruz),,,,,,
AR+AC0-Z021,G+//3//Q-er Aike (Santa Cruz),,,,,,
AR+AC0-S007,Belgrano (Santa Fe),,,,,,
AR+AC0-S014,Caseros (Santa Fe),,,,,,
AR+AC0-S021,Castellanos (Santa Fe),,,,,,
AR+AC0-S028,Constitucion (Santa Fe),Constituci+//3//Q-n (Santa Fe),Constituci+//3//Q-n (Santa Fe),,,,
AR+AC0-S035,Garay (Santa Fe),,,,,,
AR+AC0-S042,General Lopez (Santa Fe),Gral. L+//3//Q-pez (Santa Fe),Gral. L+//3//Q-pez (Santa Fe),,,,
AR+AC0-S049,General Obligado (Santa Fe),,,,,,
AR+AC0-S056,Iriondo (Santa Fe),,,,,,
AR+AC0-S063,La Capital (Santa Fe),,,,,,
AR+AC0-S070,Las Colonias (Santa Fe),,,,,,
AR+AC0-S077,9 De Julio (Santa Fe),9 de Julio (Santa Fe),9 de Julio (Santa Fe),,,,
AR+AC0-S084,Rosario (Santa Fe),,,,,,
AR+AC0-S091,San Cristobal (Santa Fe),San Crist+//3//Q-bal (Santa Fe),San Crist+//3//Q-bal (Santa Fe),,,,
AR+AC0-S098,San Javier (Santa Fe),,,,,,
AR+AC0-S105,San Jeronimo (Santa Fe),San Jer+//3//Q-nimo (Santa Fe),San Jer+//3//Q-nimo (Santa Fe),,,,
AR+AC0-S112,San Justo (Santa Fe),,,,,,
AR+AC0-S119,San Lorenzo (Santa Fe),,,,,,
AR+AC0-S126,San Martin (Santa Fe),,,,,,
AR+AC0-S133,Vera (Santa Fe),,,,,,
AR+AC0-G049,Capital (Santiago Del Estero),Capital (Santiago del Estero),Capital (Santiago del Estero),,,,
AR+AC0-G028,Avellaneda (Santiago Del Estero),Avellaneda (Santiago del Estero),Avellaneda (Santiago del Estero),,,,
AR+AC0-G007,Aguirre (Santiago Del Estero),Aguirre (Santiago del Estero),Aguirre (Santiago del Estero),,,,
AR+AC0-G014,Alberdi (Santiago Del Estero),Alberdi (Santiago del Estero),Alberdi (Santiago del Estero),,,,
AR+AC0-G021,Atamisqui (Santiago Del Estero),Atamisqui (Santiago del Estero),Atamisqui (Santiago del Estero),,,,
AR+AC0-G035,Banda (Santiago Del Estero),Banda (Santiago del Estero),Banda (Santiago del Estero),,,,
AR+AC0-G042,Belgrano (Santiago Del Estero),Belgrano (Santiago del Estero),Belgrano (Santiago del Estero),,,,
AR+AC0-G056,Copo (Santiago Del Estero),Copo (Santiago del Estero),Copo (Santiago del Estero),,,,
AR+AC0-G063,Choya (Santiago Del Estero),Choya (Santiago del Estero),Choya (Santiago del Estero),,,,
AR+AC0-G070,Figueroa (Santiago Del Estero),Figueroa (Santiago del Estero),Figueroa (Santiago del Estero),,,,
AR+AC0-G084,Guasayan (Santiago Del Estero),Guasay+//3//Q-n (Santiago del Estero),Guasay+//3//Q-n (Santiago del Estero),,,,
AR+AC0-G091,Jimenez (Santiago Del Estero),Jim+//3//Q-nez (Santiago del Estero),Jim+//3//Q-nez (Santiago del Estero),,,,
AR+AC0-G105,Loreto (Santiago Del Estero),Loreto (Santiago del Estero),Loreto (Santiago del Estero),,,,
AR+AC0-G098,Juan F. Ibarra (Santiago Del Estero),Juan F. Ibarra (Santiago del Estero),Juan F. Ibarra (Santiago del Estero),,,,
AR+AC0-G112,Mitre (Santiago Del Estero),Mitre (Santiago del Estero),Mitre (Santiago del Estero),,,,
AR+AC0-G119,Moreno (Santiago Del Estero),Moreno (Santiago del Estero),Moreno (Santiago del Estero),,,,
AR+AC0-G126,Ojo De Agua (Santiago Del Estero),Ojo de Agua (Santiago del Estero),Ojo de Agua (Santiago del Estero),,,,
AR+AC0-G133,Pelegrini (Santiago Del Estero),Pellegrini (Santiago del Estero),Pellegrini (Santiago del Estero),,,,
AR+AC0-G140,Quebrachos (Santiago Del Estero),Quebrachos (Santiago del Estero),Quebrachos (Santiago del Estero),,,,
AR+AC0-G154,Rivadavia (Santiago Del Estero),Rivadavia (Santiago del Estero),Rivadavia (Santiago del Estero),,,,
AR+AC0-G161,Robles (Santiago Del Estero),Robles (Santiago del Estero),Robles (Santiago del Estero),,,,
AR+AC0-G147,Rio Hondo (Santiago Del Estero),R+//3//Q-o Hondo (Santiago del Estero),R+//3//Q-o Hondo (Santiago del Estero),,,,
AR+AC0-G189,Silipica (Santiago Del Estero),Silipica (Santiago del Estero),Silipica (Santiago del Estero),,,,
AR+AC0-G175,San Martin (Santiago Del Estero),San Mart+//3//Q-n (Santiago del Estero),San Mart+//3//Q-n (Santiago del Estero),,,,
AR+AC0-G168,Salavina (Santiago Del Estero),Salavina (Santiago del Estero),Salavina (Santiago del Estero),,,,
AR+AC0-G182,Sarmiento (Santiago Del Estero),Sarmiento (Santiago del Estero),Sarmiento (Santiago del Estero),,,,
AR+AC0-G077,General Taboada (Santiago Del Estero),Gral. Taboada (Santiago del Estero),Gral. Taboada (Santiago del Estero),,,,
AR+AC0-T084,Capital (Tucuman),Capital (Tucum+//3//Q-n),Capital (Tucum+//3//Q-n),,,,
AR+AC0-T063,Lules (Tucuman),Lules (Tucum+//3//Q-n),Lules (Tucum+//3//Q-n),,,,
AR+AC0-T028,Famailla (Tucuman),Famaill+//3//Q- (Tucum+//3//Q-n),Famaill+//3//Q- (Tucum+//3//Q-n),,,,
AR+AC0-T070,Monteros (Tucuman),Monteros (Tucum+//3//Q-n),Monteros (Tucum+//3//Q-n),,,,
AR+AC0-T021,Chicligasta (Tucuman),Chicligasta (Tucum+//3//Q-n),Chicligasta (Tucum+//3//Q-n),,,,
AR+AC0-T077,Rio Chico (Tucuman),R+//3//Q-o Chico (Tucum+//3//Q-n),R+//3//Q-o Chico (Tucum+//3//Q-n),,,,
AR+AC0-T042,Juan B. Alberdi (Tucuman),Juan B. Alberdi (Tucum+//3//Q-n),Juan B. Alberdi (Tucum+//3//Q-n),,,,
AR+AC0-T049,La Cocha (Tucuman),La Cocha (Tucum+//3//Q-n),La Cocha (Tucum+//3//Q-n),,,,
AR+AC0-T035,Graneros (Tucuman),Graneros (Tucum+//3//Q-n),Graneros (Tucum+//3//Q-n),,,,
AR+AC0-T091,Simoca (Tucuman),Simoca (Tucum+//3//Q-n),Simoca (Tucum+//3//Q-n),,,,
AR+AC0-T056,Leales (Tucuman),Leales (Tucum+//3//Q-n),Leales (Tucum+//3//Q-n),,,,
AR+AC0-T014,Cruz Alta (Tucuman),Cruz Alta (Tucum+//3//Q-n),Cruz Alta (Tucum+//3//Q-n),,,,
AR+AC0-T007,Burruyacu (Tucuman),Burruyac+//3//Q- (Tucum+//3//Q-n),Burruyac+//3//Q- (Tucum+//3//Q-n),,,,
AR+AC0-T112,Trancas (Tucuman),Trancas (Tucum+//3//Q-n),Trancas (Tucum+//3//Q-n),,,,
AR+AC0-T119,Yerba Buena (Tucuman),Yerba Buena (Tucum+//3//Q-n),Yerba Buena (Tucum+//3//Q-n),,,,
AR+AC0-T105,Tafi Viejo (Tucuman),Taf+//3//Q- Viejo (Tucum+//3//Q-n),Taf+//3//Q- Viejo (Tucum+//3//Q-n),,,,
AR+AC0-T098,Tafi Del Valle (Tucuman),Taf+//3//Q- Del Valle (Tucum+//3//Q-n),Taf+//3//Q- Del Valle (Tucum+//3//Q-n),,,,
AR+AC0-V014,Ushuaia (Tierra Del Fuego),Ushuaia (Tierra del Fuego),Ushuaia (Tierra del Fuego),,,,
AR+AC0-V007,Rio Grande (Tierra Del Fuego),R+//3//Q-o Grande (Tierra del Fuego),R+//3//Q-o Grande (Tierra del Fuego),,,,
AR+AC0-BAS+AC0-CAMMESA,CABA y Buenos Aires (CAMMESA),CABA y Buenos Aires,CABA y Buenos Aires,,,,
AR+AC0-CEN+AC0-CAMMESA,Centro (Argentina) (CAMMESA),Centro,Centro,,,,
AR+AC0-COM+AC0-CAMMESA,Comahue (CAMMESA),Comahue,Comahue,,,,
AR+AC0-CUY+AC0-CAMMESA,Cuyo (CAMMESA),Cuyo,Cuyo,,,,
AR+AC0-LIT+AC0-CAMMESA,Litoral Argentino (CAMMESA),Litoral,Litoral,,,,
AR+AC0-NEA+AC0-CAMMESA,Nordeste Argentino (CAMMESA),NEA,NEA,,,,
AR+AC0-NOA+AC0-CAMMESA,Noreste Argentino (CAMMESA),NOA,NOA,,,,
AR+AC0-PAT+AC0-CAMMESA,Patagonia Argentina (CAMMESA),Patagonia,Patagonia,,,,
AR+AC0-NAC,Nacional,,,,,,
AR+AC0-GBA,Gran Buenos Aires,,,,,,
AR+AC0-NOA,Noroeste argentino,NOA,NOA,,,,
AR+AC0-NEA,Noreste Argentino,NEA,NEA,,,,
AR+AC0-PAM,Pampeana,,,,,,
AR+AC0-CUY,Cuyo,,,,,,
AR+AC0-PAT,Patagonia,,,,,,
SEBACO+AF8-AR+AC0-B+AC0-RESTO,Resto de Buenos Aires,,,,,,
SEBACO+AF8-AR+AC0-RESTO,Resto del pa+//3//Q-s,,,,,,
DESIGU+AF8-AML,Am+//3//Q-rica Latina,,,,,,
MINERI+AF8-NO+AC0-DIST,No distribu+//3//Q-do,,,,,,
EAS+AF8-MPD,Asia Oriental (Maddison Project Database),Asia Oriental,Asia Oriental,,,,
EEU+AF8-MPD,Europa Oriental (Maddison Project Database),Europa Oriental,Europa Oriental,,,,
LAC+AF8-MPD,Am+//3//Q-rica Latina (Maddison Project Database),Am+//3//Q-rica Latina,Am+//3//Q-rica Latina,,,,
MNA+AF8-MPD,Medio Oriente y +//3//Q-frica del Norte (Maddison Project Database),Medio Oriente y +//3//Q-frica del Norte,Medio Oriente y +//3//Q-frica del Norte,,,,
SEA+AF8-MPD,Asia del Sur y Sudeste (Maddison Project Database),Asia del Sur y Sudeste,Asia del Sur y Sudeste,,,,
SSA+AF8-MPD,+//3//Q-frica Subsahariana (Maddison Project Database),+//3//Q-frica Subsahariana,+//3//Q-frica Subsahariana,,,,
WEU+AF8-MPD,Europa Occidental (Maddison Project Database),Europa Occidental,Europa Occidental,,,,
WOF+AF8-MPD,Ramificaciones de Occidente (Maddison Project Database),Ramificaciones de Occidente,Ramificaciones de Occidente,,,,
CRECIM+AF8-AML+AC0-RESTO,Resto de Am+//3//Q-rica Latina,,,,,,
DESHUM+AF8-ZZA.VHHD,Desarrollo humano muy alto +AC0- PNUD,Pa+//3//Q-ses de desarrollo humano muy alto,Pa+//3//Q-ses de desarrollo humano muy alto,,,,
DESHUM+AF8-ZZB.HHD,Desarrollo humano alto +AC0- PNUD,Pa+//3//Q-ses de desarrollo humano alto,Pa+//3//Q-ses de desarrollo humano alto,,,,
DESHUM+AF8-ZZC.MHD,Desarrollo humano medio +AC0- PNUD,Pa+//3//Q-ses de desarrollo humano medio,Pa+//3//Q-ses de desarrollo humano medio,,,,
DESHUM+AF8-ZZD.LHD,Desarrollo humano bajo +AC0- PNUD,Pa+//3//Q-ses de desarrollo humano bajo,Pa+//3//Q-ses de desarrollo humano bajo,,,,
DESHUM+AF8-ZZE.AS,Estados +//3//Q-rabes +AC0- PNUD,Estados +//3//Q-rabes,Estados +//3//Q-rabes,,,,
DESHUM+AF8-ZZF.EAP,Este de Asia y Pac+//3//Q-fico +AC0- PNUD,Este de Asia y Pac+//3//Q-fico,Este de Asia y Pac+//3//Q-fico,,,,
DESHUM+AF8-ZZG.ECA,Europa y Asia Central +AC0- PNUD,Europa y Asia Central,Europa y Asia Central,,,,
DESHUM+AF8-ZZH.LAC,Am+//3//Q-rica Latina y el Caribe +AC0- PNUD,Am+//3//Q-rica Latina y el Caribe,Am+//3//Q-rica Latina y el Caribe,,,,
DESHUM+AF8-ZZI.SA,Asia meridional +AC0- PNUD,Asia meridional,Asia meridional,,,,
DESHUM+AF8-ZZJ.SSA,+//3//Q-frica Subsahariana +AC0- PNUD,+//3//Q-frica Subsahariana,+//3//Q-frica Subsahariana,,,,
MERTRA+AF8-TOTAL,Total (MERTRA),Total,Total,,,,
DESHUM+AF8-AHDI.EAS,Asia Oriental (AHDI),Asia Oriental,Asia Oriental,,,,
DESHUM+AF8-AHDI.EEU,Europa Oriental (AHDI),Europa Oriental,Europa Oriental,,,,
DESHUM+AF8-AHDI.LAC,Am+//3//Q-rica Latina y el Caribe (AHDI),Am+//3//Q-rica Latina y el Caribe,Am+//3//Q-rica Latina y el Caribe,,,,
DESHUM+AF8-AHDI.MEA,Medio Oriente (AHDI),Medio Oriente,Medio Oriente,,,,
DESHUM+AF8-AHDI.NAF,+//3//Q-frica del Norte (AHDI),+//3//Q-frica del Norte,+//3//Q-frica del Norte,,,,
DESHUM+AF8-AHDI.OECD,OCDE (AHDI),Pa+//3//Q-ses de la OCDE,Pa+//3//Q-ses de la OCDE,,,,
DESHUM+AF8-AHDI.ROW,No OCDE (AHDI),Pa+//3//Q-ses no OCDE,Pa+//3//Q-ses no OCDE,,,,
DESHUM+AF8-AHDI.SAS,Asia del Sur (AHDI),Asia del Sur,Asia del Sur,,,,
DESHUM+AF8-AHDI.SSA,+//3//Q-frica Subsahariana (AHDI),+//3//Q-frica Subsahariana,+//3//Q-frica Subsahariana,,,,
DESHUM+AF8-AHDI.WEU,Europa Occidental (AHDI),Europa Occidental,Europa Occidental,,,,
DESHUM+AF8-AHDI.WLD,Mundo (AHDI),Mundo,Mundo,,,,
DESHUM+AF8-AHDI.WOF,Ramificaciones de Occidente (AHDI),Ramificaciones de Occidente,Ramificaciones de Occidente,,,,
NIR,Irlanda del Norte,,,,,,
CAMCLI+AF8-IA,Aviaci+//3//Q-n internacional,,,,,,
F+AF8-ESTPRO,+//3//Q-frica (OECD),+//3//Q-frica,+//3//Q-frica,,,,
NAFTA+AF8-ESTPRO,Pa+//3//Q-ses miembros del NAFTA (OECD),Pa+//3//Q-ses miembros del NAFTA,Pa+//3//Q-ses miembros del NAFTA,,,,
EAZ,+ACI-Rep+//3//Q-blica Unida de Tanzan+//3//Q-a, Zanzibar (FAO)+ACI-,Zanzibar,Zanzibar,,,,
YUG,Yugoslavia (ATLAS),Yugoslavia,Yugoslavia,,,,
SUN,Uni+//3//Q-n Sovi+//3//Q-tica (ATLAS),Uni+//3//Q-n Sovi+//3//Q-tica,Uni+//3//Q-n Sovi+//3//Q-tica,,,,
F5503,Micronesia (FAO),Micronesia,Micronesia,,,,
